"","GEOID10","stops2010","pop2010","stops2011","pop2011","stops2012","pop2012"
"1",36005000200,72,4334,74,4334,76,4334
"2",36005000400,45,5503,133,5503,81,5503
"3",36005001600,209,5643,366,5643,173,5643
"4",36005001900,146,1917,142,1917,157,1917
"5",36005002000,1160,8731,969,8731,980,8731
"6",36005002300,1324,4933,1008,4933,461,4933
"7",36005002400,11,4,23,4,11,4
"8",36005002500,1153,5491,766,5491,945,5491
"9",36005002701,1226,3113,884,3113,1015,3113
"10",36005002702,354,4475,317,4475,443,4475
"11",36005002800,291,5586,266,5586,123,5586
"12",36005003100,101,1597,158,1597,98,1597
"13",36005003300,289,3413,324,3413,363,3413
"14",36005003500,580,3761,678,3761,616,3761
"15",36005003700,286,245,126,245,337,245
"16",36005003800,69,1264,178,1264,79,1264
"17",36005003900,702,6475,851,6475,1496,6475
"18",36005004001,40,1420,32,1420,13,1420
"19",36005004100,1369,6127,1561,6127,1925,6127
"20",36005004200,875,7143,1327,7143,833,7143
"21",36005004300,718,5056,959,5056,1476,5056
"22",36005004400,1157,4797,809,4797,645,4797
"23",36005004600,165,1555,268,1555,102,1555
"24",36005004800,435,3883,1476,3883,510,3883
"25",36005005001,408,4767,758,4767,526,4767
"26",36005005002,667,5823,1833,5823,715,5823
"27",36005005100,1355,5810,1854,5810,3207,5810
"28",36005005200,156,2031,358,2031,108,2031
"29",36005005300,59,4669,27,4669,4,4669
"30",36005005400,400,5853,1000,5853,508,5853
"31",36005005600,207,2711,301,2711,165,2711
"32",36005005902,56,2582,69,2582,60,2582
"33",36005006000,64,1129,75,1129,87,1129
"34",36005006100,332,3713,417,3713,270,3713
"35",36005006200,722,6585,788,6585,684,6585
"36",36005006300,872,5280,817,5280,747,5280
"37",36005006400,112,3967,106,3967,81,3967
"38",36005006500,1329,5337,1060,5337,989,5337
"39",36005006700,1678,6984,944,6984,998,6984
"40",36005006800,149,2897,157,2897,65,2897
"41",36005006900,1002,7564,703,7564,334,7564
"42",36005007000,226,4584,384,4584,227,4584
"43",36005007100,200,1907,213,1907,297,1907
"44",36005007200,114,5432,265,5432,175,5432
"45",36005007300,625,3893,1300,3893,603,3893
"46",36005007400,53,3710,67,3710,101,3710
"47",36005007500,596,4869,695,4869,658,4869
"48",36005007600,158,5190,209,5190,213,5190
"49",36005007700,124,1927,208,1927,108,1927
"50",36005007800,173,6418,168,6418,130,6418
"51",36005007900,1055,6733,1749,6733,1030,6733
"52",36005008300,580,6155,567,6155,502,6155
"53",36005008400,17,2374,18,2374,7,2374
"54",36005008500,695,5457,786,5457,556,5457
"55",36005008600,740,4176,804,4176,780,4176
"56",36005008700,1103,5466,1707,5466,947,5466
"57",36005008900,300,3177,434,3177,273,3177
"58",36005009000,608,3667,426,3667,467,3667
"59",36005009200,191,5017,220,5017,110,5017
"60",36005009300,876,6356,1393,6356,1275,6356
"61",36005009600,371,2594,301,2594,191,2594
"62",36005009800,51,5038,122,5038,78,5038
"63",36005011000,21,151,40,151,14,151
"64",36005011502,1024,4340,1231,4340,1166,4340
"65",36005011700,261,1585,389,1585,329,1585
"66",36005011800,38,5089,46,5089,32,5089
"67",36005011900,713,5698,1382,5698,966,5698
"68",36005012101,244,3090,371,3090,251,3090
"69",36005012102,208,1631,317,1631,193,1631
"70",36005012300,295,4152,498,4152,342,4152
"71",36005012500,465,3905,513,3905,395,3905
"72",36005012701,405,2253,491,2253,323,2253
"73",36005012901,807,4015,1134,4015,896,4015
"74",36005013000,12,1032,6,1032,2,1032
"75",36005013100,900,5103,1004,5103,622,5103
"76",36005013200,150,5890,146,5890,84,5890
"77",36005013300,915,6384,937,6384,746,6384
"78",36005013500,728,3583,656,3583,427,3583
"79",36005013800,64,3042,81,3042,37,3042
"80",36005014100,299,3437,406,3437,240,3437
"81",36005014300,104,1003,335,1003,185,1003
"82",36005014400,642,5880,730,5880,307,5880
"83",36005014500,1086,5816,1336,5816,723,5816
"84",36005014701,776,6461,765,6461,671,6461
"85",36005014702,848,5110,630,5110,687,5110
"86",36005014900,514,4591,424,4591,200,4591
"87",36005015100,704,5409,878,5409,530,5409
"88",36005015200,99,2341,117,2341,70,2341
"89",36005015300,595,4031,583,4031,380,4031
"90",36005015500,551,3005,445,3005,359,3005
"91",36005015700,498,3580,638,3580,397,3580
"92",36005015800,21,1206,43,1206,23,1206
"93",36005015900,862,2164,1143,2164,784,2164
"94",36005016000,22,3767,59,3767,16,3767
"95",36005016100,486,4380,579,4380,276,4380
"96",36005016200,21,1769,31,1769,19,1769
"97",36005016300,330,0,274,0,147,0
"98",36005016400,23,1141,33,1141,20,1141
"99",36005016500,111,1077,149,1077,124,1077
"100",36005016600,35,2166,28,2166,15,2166
"101",36005016700,214,2047,200,2047,148,2047
"102",36005016900,248,1663,159,1663,96,1663
"103",36005017100,21,0,27,0,23,0
"104",36005017300,297,5987,592,5987,968,5987
"105",36005017500,964,6911,2444,6911,1701,6911
"106",36005017701,287,4294,852,4294,586,4294
"107",36005017702,306,4805,404,4805,317,4805
"108",36005017901,291,4677,421,4677,710,4677
"109",36005017902,305,3587,676,3587,822,3587
"110",36005018101,593,3300,767,3300,371,3300
"111",36005018102,670,5555,356,5555,781,5555
"112",36005018301,239,4525,155,4525,227,4525
"113",36005018302,185,3647,302,3647,228,3647
"114",36005018400,121,3855,121,3855,87,3855
"115",36005018500,753,7466,1055,7466,428,7466
"116",36005018900,451,7752,397,7752,322,7752
"117",36005019300,340,5461,346,5461,322,5461
"118",36005019400,206,1903,278,1903,196,1903
"119",36005019500,734,7756,482,7756,332,7756
"120",36005019700,1295,7501,1279,7501,1014,7501
"121",36005019900,234,8154,299,8154,303,8154
"122",36005020000,368,4878,372,4878,230,4878
"123",36005020100,156,4013,199,4013,114,4013
"124",36005020200,157,2155,166,2155,82,2155
"125",36005020400,173,2976,212,2976,115,2976
"126",36005020501,187,6996,172,6996,120,6996
"127",36005020502,137,1764,182,1764,41,1764
"128",36005020601,128,3050,92,3050,45,3050
"129",36005020900,204,4361,282,4361,321,4361
"130",36005021001,69,8521,128,8521,37,8521
"131",36005021002,69,6839,122,6839,42,6839
"132",36005021100,239,5565,256,5565,186,5565
"133",36005021200,40,5267,94,5267,33,5267
"134",36005021301,85,1201,159,1201,54,1201
"135",36005021302,168,5415,238,5415,158,5415
"136",36005021501,276,3506,203,3506,89,3506
"137",36005021502,270,6051,401,6051,118,6051
"138",36005021601,334,4206,761,4206,450,4206
"139",36005021602,129,5769,252,5769,136,5769
"140",36005021700,317,5334,354,5334,189,5334
"141",36005021800,352,6499,751,6499,337,6499
"142",36005021900,410,1367,599,1367,574,1367
"143",36005022000,64,1487,76,1487,92,1487
"144",36005022101,515,3849,392,3849,279,3849
"145",36005022102,477,5488,419,5488,351,5488
"146",36005022200,415,3425,548,3425,328,3425
"147",36005022300,899,5047,1133,5047,1287,5047
"148",36005022401,169,2708,165,2708,103,2708
"149",36005022403,273,3188,533,3188,463,3188
"150",36005022404,198,4509,276,4509,183,4509
"151",36005022500,528,7698,888,7698,1111,7698
"152",36005022701,281,5196,316,5196,140,5196
"153",36005022702,252,1699,294,1699,212,1699
"154",36005022703,40,1556,90,1556,35,1556
"155",36005022800,208,6218,220,6218,132,6218
"156",36005022901,345,5370,513,5370,167,5370
"157",36005022902,246,3273,273,3273,226,3273
"158",36005023000,199,2950,205,2950,155,2950
"159",36005023100,92,1537,164,1537,80,1537
"160",36005023200,180,2661,268,2661,179,2661
"161",36005023301,638,4377,326,4377,252,4377
"162",36005023302,115,3415,229,3415,91,3415
"163",36005023501,207,3341,391,3341,216,3341
"164",36005023502,435,4386,452,4386,335,4386
"165",36005023600,137,1907,125,1907,118,1907
"166",36005023702,213,1241,121,1241,60,1241
"167",36005023703,1312,5253,942,5253,380,5253
"168",36005023704,442,3758,809,3758,231,3758
"169",36005023800,209,2615,230,2615,199,2615
"170",36005023900,1358,8348,1904,8348,1087,8348
"171",36005024000,454,3882,537,3882,419,3882
"172",36005024100,1023,6182,1535,6182,694,6182
"173",36005024300,432,5685,564,5685,237,5685
"174",36005024400,56,2120,39,2120,26,2120
"175",36005024501,267,4864,176,4864,106,4864
"176",36005024502,239,3640,197,3640,106,3640
"177",36005024600,25,2058,21,2058,11,2058
"178",36005024700,28,1764,35,1764,11,1764
"179",36005024800,106,3363,138,3363,109,3363
"180",36005024900,41,0,34,0,25,0
"181",36005025000,59,2383,47,2383,29,2383
"182",36005025100,649,6802,1560,6802,433,6802
"183",36005025200,55,2530,34,2530,29,2530
"184",36005025300,799,6332,701,6332,614,6332
"185",36005025400,84,1959,56,1959,39,1959
"186",36005025500,235,6529,199,6529,222,6529
"187",36005025600,38,1663,38,1663,34,1663
"188",36005025700,23,1912,34,1912,25,1912
"189",36005026100,55,1932,73,1932,40,1932
"190",36005026300,749,6984,635,6984,539,6984
"191",36005026400,199,4935,135,4935,113,4935
"192",36005026500,591,6942,1166,6942,722,6942
"193",36005026601,54,2911,62,2911,44,2911
"194",36005026602,157,5301,145,5301,188,5301
"195",36005026701,118,4037,175,4037,128,4037
"196",36005026702,108,7040,122,7040,89,7040
"197",36005026900,166,3777,174,3777,80,3777
"198",36005027300,163,7942,190,7942,126,7942
"199",36005027401,70,4785,119,4785,72,4785
"200",36005027402,36,3386,69,3386,43,3386
"201",36005027600,44,473,97,473,78,473
"202",36005027700,217,5065,248,5065,146,5065
"203",36005027900,50,6966,83,6966,63,6966
"204",36005028100,12,3794,19,3794,15,3794
"205",36005028300,124,3149,176,3149,105,3149
"206",36005028400,162,894,159,894,204,894
"207",36005028500,283,3307,144,3307,200,3307
"208",36005028600,72,1191,45,1191,33,1191
"209",36005028700,31,3178,75,3178,52,3178
"210",36005028800,97,3097,92,3097,45,3097
"211",36005028900,68,4502,132,4502,175,4502
"212",36005029301,2,1875,1,1875,2,1875
"213",36005029302,4,5052,10,5052,8,5052
"214",36005029500,10,4240,25,4240,58,4240
"215",36005029600,69,2549,65,2549,43,2549
"216",36005029700,3,3554,6,3554,20,3554
"217",36005030000,136,5838,151,5838,106,5838
"218",36005030100,4,1304,2,1304,6,1304
"219",36005030200,84,8887,106,8887,168,8887
"220",36005030701,4,5378,1,5378,23,5378
"221",36005030900,12,3891,16,3891,30,3891
"222",36005031000,184,4415,128,4415,63,4415
"223",36005031200,32,1524,67,1524,13,1524
"224",36005031400,19,1966,23,1966,15,1966
"225",36005031600,21,1863,29,1863,10,1863
"226",36005031800,54,1810,53,1810,30,1810
"227",36005031900,1,751,3,751,6,751
"228",36005032300,2,4904,7,4904,8,4904
"229",36005032400,548,2957,319,2957,260,2957
"230",36005032600,69,3154,105,3154,72,3154
"231",36005032800,532,3979,402,3979,262,3979
"232",36005033000,552,5696,516,5696,459,5696
"233",36005033201,109,4115,88,4115,55,4115
"234",36005033202,282,4167,243,4167,128,4167
"235",36005033400,405,1351,348,1351,287,1351
"236",36005033500,11,2178,7,2178,12,2178
"237",36005033600,1955,6188,1719,6188,850,6188
"238",36005033700,14,2357,3,2357,16,2357
"239",36005033800,321,3818,360,3818,218,3818
"240",36005034000,147,4618,245,4618,121,4618
"241",36005034200,51,1675,48,1675,39,1675
"242",36005034300,8,1649,10,1649,5,1649
"243",36005034400,40,1736,41,1736,38,1736
"244",36005034500,14,3566,9,3566,24,3566
"245",36005034800,411,6129,496,6129,491,6129
"246",36005035000,146,1925,169,1925,166,1925
"247",36005035100,10,3186,13,3186,21,3186
"248",36005035600,33,2027,48,2027,62,2027
"249",36005035800,214,7166,218,7166,246,7166
"250",36005035900,345,2061,349,2061,394,2061
"251",36005036000,55,2706,48,2706,80,2706
"252",36005036100,322,6019,293,6019,477,6019
"253",36005036300,223,7509,298,7509,530,7509
"254",36005036400,185,2557,253,2557,253,2557
"255",36005036501,169,3965,188,3965,207,3965
"256",36005036502,63,2423,99,2423,94,2423
"257",36005036700,68,2599,91,2599,52,2599
"258",36005036800,111,2011,116,2011,106,2011
"259",36005036901,131,2005,68,2005,139,2005
"260",36005036902,113,2119,133,2119,166,2119
"261",36005037000,23,2303,47,2303,67,2303
"262",36005037100,136,4241,135,4241,165,4241
"263",36005037200,124,2222,110,2222,117,2222
"264",36005037300,214,5318,304,5318,429,5318
"265",36005037400,525,3441,563,3441,425,3441
"266",36005037504,211,3677,403,3677,475,3677
"267",36005037600,38,2148,39,2148,52,2148
"268",36005037800,169,3048,349,3048,245,3048
"269",36005037900,193,5093,256,5093,210,5093
"270",36005038000,472,4585,986,4585,702,4585
"271",36005038100,263,6382,258,6382,137,6382
"272",36005038200,121,2596,138,2596,136,2596
"273",36005038301,932,4797,707,4797,278,4797
"274",36005038302,343,6106,471,6106,314,6106
"275",36005038500,121,4758,298,4758,155,4758
"276",36005038600,297,7409,193,7409,283,7409
"277",36005038700,192,3216,249,3216,302,3216
"278",36005038800,59,2606,40,2606,39,2606
"279",36005038900,229,5325,220,5325,272,5325
"280",36005039000,260,2975,699,2975,311,2975
"281",36005039100,242,6992,414,6992,271,6992
"282",36005039200,271,1781,332,1781,229,1781
"283",36005039300,142,8143,282,8143,187,8143
"284",36005039400,224,4573,207,4573,150,4573
"285",36005039500,155,4146,264,4146,281,4146
"286",36005039600,320,3756,415,3756,272,3756
"287",36005039700,231,3702,158,3702,92,3702
"288",36005039800,68,3090,95,3090,79,3090
"289",36005039901,926,5228,1491,5228,692,5228
"290",36005039902,601,5279,768,5279,348,5279
"291",36005040100,975,4593,2377,4593,1388,4593
"292",36005040302,394,4386,503,4386,382,4386
"293",36005040303,131,4478,183,4478,138,4478
"294",36005040304,186,3794,245,3794,240,3794
"295",36005040400,122,3016,178,3016,107,3016
"296",36005040501,170,4397,201,4397,110,4397
"297",36005040502,544,6863,578,6863,258,6863
"298",36005040600,436,3490,382,3490,349,3490
"299",36005040701,84,3347,111,3347,97,3347
"300",36005040702,159,6652,255,6652,227,6652
"301",36005040800,220,4263,208,4263,153,4263
"302",36005040900,178,3637,206,3637,285,3637
"303",36005041100,142,2931,76,2931,58,2931
"304",36005041300,223,7384,174,7384,169,7384
"305",36005041400,328,5027,276,5027,353,5027
"306",36005041500,65,5461,70,5461,81,5461
"307",36005041800,122,3598,97,3598,110,3598
"308",36005041900,356,6734,551,6734,507,6734
"309",36005042000,202,3850,247,3850,212,3850
"310",36005042100,357,5922,456,5922,429,5922
"311",36005042200,169,3086,132,3086,94,3086
"312",36005042300,72,4100,206,4100,93,4100
"313",36005042400,113,2481,93,2481,71,2481
"314",36005042500,284,6793,327,6793,279,6793
"315",36005042600,92,6387,163,6387,101,6387
"316",36005042800,41,2173,42,2173,52,2173
"317",36005042901,42,3420,68,3420,58,3420
"318",36005042902,230,3845,231,3845,128,3845
"319",36005043000,71,2898,38,2898,43,2898
"320",36005043100,203,9680,308,9680,199,9680
"321",36005043400,253,3592,263,3592,274,3592
"322",36005043500,293,39,424,39,406,39
"323",36005043600,36,2032,24,2032,40,2032
"324",36005044200,605,3555,547,3555,565,3555
"325",36005044400,93,3878,147,3878,125,3878
"326",36005044800,30,2026,49,2026,36,2026
"327",36005044901,13,1818,10,1818,8,1818
"328",36005044902,15,1949,24,1949,24,1949
"329",36005045101,10,1656,9,1656,10,1656
"330",36005045102,14,1894,9,1894,11,1894
"331",36005045600,37,2896,68,2896,48,2896
"332",36005045800,757,6123,826,6123,520,6123
"333",36005046000,78,2741,51,2741,60,2741
"334",36005046201,697,26588,627,26588,593,26588
"335",36005046202,647,8277,562,8277,391,8277
"336",36005048400,393,3598,300,3598,266,3598
"337",36005050400,14,39,21,39,9,39
"338",36005051600,95,4362,103,4362,119,4362
"339",36047000100,74,4338,115,4338,84,4338
"340",36047000200,126,1470,226,1470,215,1470
"341",36047000301,59,4259,72,4259,43,4259
"342",36047000501,47,4247,43,4247,37,4247
"343",36047000502,72,2512,59,2512,41,2512
"344",36047000700,46,3359,67,3359,74,3359
"345",36047000900,188,4172,239,4172,161,4172
"346",36047001100,476,84,733,84,516,84
"347",36047001300,177,2275,237,2275,165,2275
"348",36047001500,499,3521,537,3521,518,3521
"349",36047001800,123,2105,183,2105,156,2105
"350",36047002000,138,1672,200,1672,168,1672
"351",36047002100,466,3604,644,3604,422,3604
"352",36047002200,147,4613,139,4613,222,4613
"353",36047002300,620,4247,510,4247,710,4247
"354",36047002901,566,3218,645,3218,472,3218
"355",36047003000,55,1730,32,1730,25,1730
"356",36047003100,196,2472,411,2472,256,2472
"357",36047003300,455,2327,543,2327,329,2327
"358",36047003400,112,3047,80,3047,71,3047
"359",36047003500,489,1554,465,1554,209,1554
"360",36047003600,24,3804,24,3804,29,3804
"361",36047003700,700,390,945,390,506,390
"362",36047003800,4,1498,16,1498,8,1498
"363",36047003900,213,2229,217,2229,137,2229
"364",36047004100,182,3598,182,3598,129,3598
"365",36047004300,222,3008,292,3008,252,3008
"366",36047004400,93,2359,95,2359,66,2359
"367",36047004500,108,3325,109,3325,84,3325
"368",36047004600,72,1199,54,1199,46,1199
"369",36047004700,97,1445,55,1445,39,1445
"370",36047004900,22,2516,29,2516,15,2516
"371",36047005000,39,2276,10,2276,25,2276
"372",36047005100,108,2171,114,2171,66,2171
"373",36047005201,5,1829,4,1829,5,1829
"374",36047005202,7,2481,17,2481,8,2481
"375",36047005300,762,1888,563,1888,602,1888
"376",36047005400,28,3139,26,3139,32,3139
"377",36047005601,5,2505,15,2505,5,2505
"378",36047005602,38,1586,35,1586,28,1586
"379",36047005800,84,3152,63,3152,61,3152
"380",36047005900,382,1384,352,1384,405,1384
"381",36047006000,59,2826,66,2826,70,2826
"382",36047006200,65,2853,54,2853,45,2853
"383",36047006300,83,1892,68,1892,93,1892
"384",36047006400,64,3478,83,3478,61,3478
"385",36047006500,166,5191,145,5191,149,5191
"386",36047006600,98,3663,122,3663,93,3663
"387",36047006700,111,3301,101,3301,107,3301
"388",36047006800,203,4870,144,4870,114,4870
"389",36047006900,332,3537,339,3537,273,3537
"390",36047007000,58,2344,56,2344,55,2344
"391",36047007100,960,4495,821,4495,613,4495
"392",36047007200,35,1946,51,1946,68,1946
"393",36047007400,227,5451,282,5451,332,5451
"394",36047007500,353,4383,326,4383,273,4383
"395",36047007600,217,4412,292,4412,309,4412
"396",36047007700,847,3901,606,3901,527,3901
"397",36047007800,260,5068,306,5068,211,5068
"398",36047008000,149,4169,235,4169,260,4169
"399",36047008200,156,4141,214,4141,191,4141
"400",36047008400,253,3299,388,3299,322,3299
"401",36047008500,1196,6956,1057,6956,1239,6956
"402",36047008600,80,0,121,0,100,0
"403",36047008800,66,3207,172,3207,113,3207
"404",36047009000,61,2994,114,2994,127,2994
"405",36047009200,135,5388,247,5388,176,5388
"406",36047009400,103,5805,222,5805,142,5805
"407",36047009600,267,6126,440,6126,203,6126
"408",36047009800,410,7024,442,7024,359,7024
"409",36047010000,318,6737,361,6737,253,6737
"410",36047010100,81,4093,230,4093,156,4093
"411",36047010200,249,5622,280,5622,260,5622
"412",36047010400,100,5908,141,5908,131,5908
"413",36047010600,176,5851,193,5851,206,5851
"414",36047010800,136,5280,255,5280,197,5280
"415",36047011000,148,2441,137,2441,137,2441
"416",36047011200,229,6436,314,6436,159,6436
"417",36047011400,58,3976,101,3976,40,3976
"418",36047011600,53,4816,53,4816,51,4816
"419",36047011700,84,2364,184,2364,128,2364
"420",36047011800,153,2253,127,2253,193,2253
"421",36047011900,283,1530,324,1530,220,1530
"422",36047012000,81,1268,114,1268,58,1268
"423",36047012100,117,1619,170,1619,105,1619
"424",36047012200,188,5339,205,5339,224,5339
"425",36047012600,98,2652,88,2652,103,2652
"426",36047012700,759,3507,695,3507,523,3507
"427",36047012801,29,2117,30,2117,16,2117
"428",36047012901,454,2159,453,2159,352,2159
"429",36047012902,84,1964,123,1964,128,1964
"430",36047013000,131,4792,170,4792,229,4792
"431",36047013100,160,3828,227,3828,138,3828
"432",36047013200,68,2239,52,2239,38,2239
"433",36047013300,89,3730,105,3730,91,3730
"434",36047013400,112,3907,128,3907,122,3907
"435",36047013500,151,3596,184,3596,126,3596
"436",36047013600,52,3927,63,3927,48,3927
"437",36047013700,152,3057,216,3057,164,3057
"438",36047013800,77,3168,183,3168,176,3168
"439",36047013900,161,3481,185,3481,157,3481
"440",36047014000,15,1826,35,1826,21,1826
"441",36047014100,66,3017,195,3017,91,3017
"442",36047014200,68,3223,104,3223,100,3223
"443",36047014300,75,3487,253,3487,63,3487
"444",36047014500,68,4179,299,4179,100,4179
"445",36047014700,16,2084,123,2084,29,2084
"446",36047014800,5,1209,7,1209,16,1209
"447",36047014900,55,4976,226,4976,63,4976
"448",36047015000,50,1574,45,1574,44,1574
"449",36047015100,42,3578,81,3578,53,3578
"450",36047015200,27,2309,11,2309,17,2309
"451",36047015300,131,3041,149,3041,121,3041
"452",36047015400,19,0,25,0,19,0
"453",36047015500,57,3272,66,3272,79,3272
"454",36047015700,47,4135,38,4135,84,4135
"455",36047015900,136,5036,178,5036,232,5036
"456",36047016000,169,4217,213,4217,174,4217
"457",36047016100,120,3075,112,3075,115,3075
"458",36047016200,30,2082,34,2082,25,2082
"459",36047016300,99,2991,83,2991,68,2991
"460",36047016500,35,5141,93,5141,87,5141
"461",36047016600,39,2059,30,2059,50,2059
"462",36047016700,45,4638,55,4638,74,4638
"463",36047016800,21,1510,16,1510,6,1510
"464",36047016900,48,4497,124,4497,45,4497
"465",36047017000,45,3254,20,3254,22,3254
"466",36047017100,12,3749,41,3749,11,3749
"467",36047017200,42,2931,37,2931,37,2931
"468",36047017400,30,1793,25,1793,33,1793
"469",36047017500,64,5,158,5,91,5
"470",36047017600,66,2295,73,2295,64,2295
"471",36047017700,703,0,659,0,734,0
"472",36047017800,87,2898,93,2898,108,2898
"473",36047017900,354,3624,387,3624,321,3624
"474",36047018000,82,3193,68,3193,105,3193
"475",36047018100,441,3936,409,3936,238,3936
"476",36047018200,150,3163,135,3163,187,3163
"477",36047018300,311,2500,330,2500,205,2500
"478",36047018400,33,2002,16,2002,18,2002
"479",36047018501,880,3827,930,3827,788,3827
"480",36047018600,30,2124,35,2124,23,2124
"481",36047018700,87,1411,82,1411,53,1411
"482",36047018800,36,2640,33,2640,36,2640
"483",36047019000,155,4782,140,4782,92,4782
"484",36047019100,243,2332,183,2332,203,2332
"485",36047019200,150,2772,138,2772,172,2772
"486",36047019300,210,5628,148,5628,116,5628
"487",36047019400,78,3305,88,3305,50,3305
"488",36047019500,186,3366,146,3366,134,3366
"489",36047019600,48,4353,79,4353,62,4353
"490",36047019700,293,3313,194,3313,175,3313
"491",36047019800,4,1702,37,1702,17,1702
"492",36047019900,516,2929,483,2929,327,2929
"493",36047020000,17,2265,22,2265,47,2265
"494",36047020100,495,3421,413,3421,487,3421
"495",36047020200,19,1874,14,1874,17,1874
"496",36047020300,110,1697,124,1697,91,1697
"497",36047020400,9,1708,13,1708,13,1708
"498",36047020500,121,2469,74,2469,51,2469
"499",36047020600,26,2220,21,2220,7,2220
"500",36047020700,56,4310,71,4310,25,4310
"501",36047020800,18,3048,43,3048,41,3048
"502",36047021000,67,3968,57,3968,57,3968
"503",36047021100,229,1210,328,1210,200,1210
"504",36047021200,69,4643,75,4643,47,4643
"505",36047021300,1099,4205,355,4205,460,4205
"506",36047021400,74,2152,91,2152,94,2152
"507",36047021500,205,5307,182,5307,96,5307
"508",36047021600,16,4015,23,4015,27,4015
"509",36047021700,878,3597,501,3597,511,3597
"510",36047021800,22,3761,85,3761,59,3761
"511",36047021900,401,3595,328,3595,340,3595
"512",36047022000,62,4939,55,4939,52,4939
"513",36047022100,389,3609,377,3609,316,3609
"514",36047022200,53,4693,72,4693,73,4693
"515",36047022400,50,5486,69,5486,61,5486
"516",36047022600,117,2516,116,2516,108,2516
"517",36047022700,1117,3454,1013,3454,917,3454
"518",36047022800,79,3306,77,3306,66,3306
"519",36047022900,124,3395,117,3395,196,3395
"520",36047023000,30,4515,22,4515,46,4515
"521",36047023100,210,3025,241,3025,270,3025
"522",36047023200,35,5699,28,5699,41,5699
"523",36047023300,1048,5061,1031,5061,796,5061
"524",36047023400,31,5059,19,5059,20,5059
"525",36047023500,243,3928,177,3928,186,3928
"526",36047023600,13,5600,20,5600,29,5600
"527",36047023800,14,4590,18,4590,20,4590
"528",36047024000,15,4693,28,4693,29,4693
"529",36047024100,423,2229,445,2229,510,2229
"530",36047024200,29,2984,34,2984,65,2984
"531",36047024300,345,3786,228,3786,327,3786
"532",36047024400,75,3238,62,3238,61,3238
"533",36047024500,355,3946,234,3946,300,3946
"534",36047024600,63,3256,79,3256,38,3256
"535",36047024700,524,2316,690,2316,636,2316
"536",36047024800,81,2698,65,2698,45,2698
"537",36047024900,936,3823,823,3823,857,3823
"538",36047025000,185,1722,131,1722,114,1722
"539",36047025100,816,3816,768,3816,763,3816
"540",36047025200,118,4786,75,4786,59,4786
"541",36047025300,208,2754,178,2754,203,2754
"542",36047025400,137,3500,89,3500,53,3500
"543",36047025500,1080,5102,931,5102,1364,5102
"544",36047025600,89,3058,85,3058,74,3058
"545",36047025700,345,2131,365,2131,496,2131
"546",36047025800,53,4597,78,4597,73,4597
"547",36047025901,611,2010,731,2010,620,2010
"548",36047025902,862,3419,1196,3419,1805,3419
"549",36047026000,73,3649,33,3649,51,3649
"550",36047026100,574,4917,390,4917,486,4917
"551",36047026200,110,2374,86,2374,53,2374
"552",36047026300,336,1868,381,1868,365,1868
"553",36047026400,129,4592,135,4592,140,4592
"554",36047026500,550,3838,698,3838,691,3838
"555",36047026600,53,3733,39,3733,55,3733
"556",36047026700,284,3920,257,3920,331,3920
"557",36047026800,52,4188,75,4188,56,4188
"558",36047026900,464,2770,674,2770,524,2770
"559",36047027000,21,2449,27,2449,20,2449
"560",36047027100,448,2471,638,2471,523,2471
"561",36047027200,59,3480,55,3480,45,3480
"562",36047027300,348,2813,499,2813,474,2813
"563",36047027400,39,3028,56,3028,56,3028
"564",36047027500,288,4180,275,4180,270,4180
"565",36047027600,115,3694,98,3694,94,3694
"566",36047027700,991,3945,1502,3945,1002,3945
"567",36047027800,109,3220,79,3220,124,3220
"568",36047027900,395,3674,408,3674,316,3674
"569",36047028000,26,1761,44,1761,43,1761
"570",36047028100,1093,4193,571,4193,536,4193
"571",36047028200,48,2943,38,2943,67,2943
"572",36047028300,1070,4097,772,4097,463,4097
"573",36047028400,254,4003,181,4003,299,4003
"574",36047028501,30,428,72,428,70,428
"575",36047028502,362,2802,517,2802,631,2802
"576",36047028600,73,4814,70,4814,93,4814
"577",36047028700,900,2991,935,2991,505,2991
"578",36047028800,157,3458,127,3458,188,3458
"579",36047028900,805,3538,652,3538,392,3538
"580",36047029000,110,3920,80,3920,89,3920
"581",36047029100,434,3101,680,3101,244,3101
"582",36047029200,109,2539,71,2539,73,2539
"583",36047029300,643,3106,858,3106,368,3106
"584",36047029400,52,2321,30,2321,50,2321
"585",36047029500,337,3425,340,3425,221,3425
"586",36047029600,195,5546,160,5546,149,5546
"587",36047029700,690,3344,808,3344,774,3344
"588",36047029800,96,3717,68,3717,59,3717
"589",36047029900,630,2579,856,2579,1142,2579
"590",36047030000,168,4120,98,4120,115,4120
"591",36047030100,223,2750,257,2750,407,2750
"592",36047030200,62,4214,28,4214,62,4214
"593",36047030300,455,4458,422,4458,517,4458
"594",36047030400,60,4281,99,4281,70,4281
"595",36047030500,628,5549,534,5549,394,5549
"596",36047030600,65,2005,53,2005,57,2005
"597",36047030700,892,4544,843,4544,662,4544
"598",36047030800,108,1949,135,1949,81,1949
"599",36047030900,288,1754,484,1754,337,1754
"600",36047031100,429,2833,534,2833,400,2833
"601",36047031300,259,4648,321,4648,238,4648
"602",36047031400,108,4544,137,4544,170,4544
"603",36047031500,1074,5175,754,5175,575,5175
"604",36047031701,511,3433,325,3433,284,3433
"605",36047031702,414,3363,311,3363,275,3363
"606",36047031900,151,3508,65,3508,150,3508
"607",36047032100,489,5001,392,5001,437,5001
"608",36047032300,251,3554,181,3554,210,3554
"609",36047032500,1058,6405,285,6405,363,6405
"610",36047032600,1126,6948,913,6948,1030,6948
"611",36047032700,228,2924,253,2924,211,2924
"612",36047032800,906,3138,933,3138,602,3138
"613",36047032900,230,5582,175,5582,137,5582
"614",36047033000,800,4587,1102,4587,798,4587
"615",36047033100,100,4520,72,4520,54,4520
"616",36047033300,78,4085,74,4085,57,4085
"617",36047033500,88,3139,77,3139,86,3139
"618",36047033600,43,4759,34,4759,42,4759
"619",36047033700,210,4105,173,4105,124,4105
"620",36047033900,285,4376,231,4376,182,4376
"621",36047034000,325,2248,226,2248,164,2248
"622",36047034100,249,2607,343,2607,187,2607
"623",36047034200,898,6502,595,6502,537,6502
"624",36047034300,788,5281,902,5281,666,5281
"625",36047034500,239,2647,360,2647,414,2647
"626",36047034700,238,3228,396,3228,357,3228
"627",36047034800,832,2537,890,2537,806,2537
"628",36047034900,474,5403,747,5403,446,5403
"629",36047035000,108,3296,95,3296,91,3296
"630",36047035100,1037,4597,1186,4597,1035,4597
"631",36047035200,281,1246,213,1246,237,1246
"632",36047035300,586,5161,611,5161,559,5161
"633",36047035400,148,6271,146,6271,127,6271
"634",36047035500,353,5253,569,5253,230,5253
"635",36047035601,2,2912,15,2912,10,2912
"636",36047035602,102,5271,128,5271,106,5271
"637",36047035700,755,2506,1016,2506,1381,2506
"638",36047035900,459,5685,555,5685,468,5685
"639",36047036001,68,3217,102,3217,100,3217
"640",36047036002,76,3930,76,3930,82,3930
"641",36047036100,306,2608,515,2608,254,2608
"642",36047036200,444,4204,479,4204,416,4204
"643",36047036300,352,4108,511,4108,333,4108
"644",36047036400,233,2405,342,2405,379,2405
"645",36047036501,259,2624,279,2624,354,2624
"646",36047036502,184,1255,218,1255,173,1255
"647",36047036600,219,4767,290,4767,198,4767
"648",36047036700,583,1305,675,1305,497,1305
"649",36047036900,801,4923,884,4923,1129,4923
"650",36047037000,46,4085,68,4085,70,4085
"651",36047037100,311,4120,339,4120,654,4120
"652",36047037300,752,3784,861,3784,689,3784
"653",36047037401,48,4301,69,4301,39,4301
"654",36047037402,51,4573,94,4573,62,4573
"655",36047037500,394,2910,426,2910,376,2910
"656",36047037700,383,3660,488,3660,392,3660
"657",36047037900,867,3706,1412,3706,1027,3706
"658",36047038100,1006,4763,1474,4763,1183,4763
"659",36047038200,1327,5943,1588,5943,754,5943
"660",36047038300,276,3931,358,3931,337,3931
"661",36047038500,477,3422,629,3422,421,3422
"662",36047038600,92,3477,142,3477,90,3477
"663",36047038700,473,4010,648,4010,465,4010
"664",36047038800,41,3841,48,3841,19,3841
"665",36047038900,429,2773,522,2773,406,2773
"666",36047039000,53,2282,27,2282,38,2282
"667",36047039100,105,2303,144,2303,93,2303
"668",36047039200,44,2756,50,2756,66,2756
"669",36047039300,179,3549,250,3549,139,3549
"670",36047039400,48,2441,61,2441,74,2441
"671",36047039500,211,3380,294,3380,271,3380
"672",36047039600,31,2126,37,2126,39,2126
"673",36047039700,440,3389,628,3389,960,3389
"674",36047039800,194,2644,184,2644,143,2644
"675",36047039900,300,3823,438,3823,602,3823
"676",36047040000,100,3069,83,3069,54,3069
"677",36047040100,425,3518,612,3518,759,3518
"678",36047040200,102,2740,110,2740,85,2740
"679",36047040300,392,3538,456,3538,375,3538
"680",36047040400,62,2551,77,2551,55,2551
"681",36047040500,498,1480,610,1480,331,1480
"682",36047040600,43,3184,32,3184,41,3184
"683",36047040700,27,14,11,14,22,14
"684",36047040800,47,3566,35,3566,39,3566
"685",36047040900,276,3752,226,3752,208,3752
"686",36047041000,42,1773,51,1773,19,1773
"687",36047041100,337,3302,342,3302,325,3302
"688",36047041200,84,2929,104,2929,116,2929
"689",36047041300,403,3822,428,3822,493,3822
"690",36047041401,93,1351,101,1351,99,1351
"691",36047041402,44,1612,31,1612,14,1612
"692",36047041500,296,4064,360,4064,441,4064
"693",36047041600,36,2324,50,2324,61,2324
"694",36047041700,234,3609,454,3609,337,3609
"695",36047041800,60,2359,62,2359,66,2359
"696",36047041900,306,3770,486,3770,343,3770
"697",36047042000,29,1896,39,1896,35,1896
"698",36047042100,231,3920,318,3920,250,3920
"699",36047042200,68,3568,113,3568,77,3568
"700",36047042300,242,4217,288,4217,144,4217
"701",36047042400,112,3666,131,3666,114,3666
"702",36047042500,266,3042,289,3042,187,3042
"703",36047042600,92,4135,151,4135,112,4135
"704",36047042700,605,5074,1093,5074,559,5074
"705",36047042800,81,3857,93,3857,78,3857
"706",36047042900,460,5630,1038,5630,734,5630
"707",36047043000,141,3333,160,3333,140,3333
"708",36047043100,535,5113,1397,5113,798,5113
"709",36047043200,62,4250,73,4250,53,4250
"710",36047043300,364,4064,702,4064,438,4064
"711",36047043400,34,3433,34,3433,45,3433
"712",36047043500,215,4463,324,4463,283,4463
"713",36047043600,53,4160,92,4160,45,4160
"714",36047043700,297,5240,281,5240,324,5240
"715",36047043800,40,2481,57,2481,64,2481
"716",36047043900,638,3829,959,3829,628,3829
"717",36047044000,33,2880,47,2880,53,2880
"718",36047044100,383,5643,772,5643,498,5643
"719",36047044200,16,2658,26,2658,17,2658
"720",36047044300,357,5557,667,5557,397,5557
"721",36047044400,28,3336,26,3336,30,3336
"722",36047044500,288,4446,518,4446,295,4446
"723",36047044600,30,1909,40,1909,26,1909
"724",36047044700,286,2310,453,2310,271,2310
"725",36047044800,34,1915,42,1915,25,1915
"726",36047044900,470,2932,544,2932,385,2932
"727",36047045000,8,673,15,673,15,673
"728",36047045200,23,2701,14,2701,26,2701
"729",36047045300,395,2017,575,2017,283,2017
"730",36047045400,23,1852,12,1852,19,1852
"731",36047045600,48,2357,26,2357,26,2357
"732",36047045800,14,1490,31,1490,32,1490
"733",36047046000,88,3729,65,3729,72,3729
"734",36047046201,15,2632,12,2632,14,2632
"735",36047046202,31,1803,53,1803,48,1803
"736",36047046400,37,2838,28,2838,24,2838
"737",36047046800,14,2054,40,2054,30,2054
"738",36047047000,11,2886,40,2886,39,2886
"739",36047047200,17,3141,17,3141,20,3141
"740",36047047400,20,2969,13,2969,18,2969
"741",36047047600,35,3646,39,3646,52,3646
"742",36047047700,216,3318,206,3318,185,3318
"743",36047047800,156,4848,112,4848,104,4848
"744",36047048000,45,3769,28,3769,38,3769
"745",36047048100,110,2778,154,2778,81,2778
"746",36047048200,60,5331,53,5331,69,5331
"747",36047048400,33,5481,59,5481,73,5481
"748",36047048500,582,2510,913,2510,513,2510
"749",36047048600,75,3568,131,3568,61,3568
"750",36047048800,55,4395,76,4395,97,4395
"751",36047048900,868,4039,1503,4039,1247,4039
"752",36047049000,46,5899,103,5899,78,5899
"753",36047049100,1115,6418,2719,6418,1371,6418
"754",36047049200,53,3495,88,3495,71,3495
"755",36047049300,1591,7625,2964,7625,1341,7625
"756",36047049400,42,5308,60,5308,56,5308
"757",36047049500,304,2603,573,2603,260,2603
"758",36047049600,110,4513,124,4513,131,4513
"759",36047049700,142,2645,136,2645,115,2645
"760",36047049800,41,4232,62,4232,60,4232
"761",36047049900,49,1753,35,1753,30,1753
"762",36047050000,16,3474,80,3474,19,3474
"763",36047050100,102,2786,98,2786,69,2786
"764",36047050202,4,2201,20,2201,10,2201
"765",36047050300,142,2582,294,2582,110,2582
"766",36047050400,55,4527,105,4527,67,4527
"767",36047050500,470,4163,889,4163,382,4163
"768",36047050600,1079,6016,1194,6016,1343,6016
"769",36047050700,438,2288,979,2288,471,2288
"770",36047050801,882,4080,1109,4080,943,4080
"771",36047050803,531,2464,530,2464,717,2464
"772",36047050804,508,6250,356,6250,386,6250
"773",36047050900,157,3694,179,3694,110,3694
"774",36047051001,721,3926,801,3926,409,3926
"775",36047051002,967,4725,1064,4725,828,4725
"776",36047051100,169,3933,431,3933,250,3933
"777",36047051200,584,6398,641,6398,454,6398
"778",36047051300,546,4332,773,4332,383,4332
"779",36047051400,374,7366,506,7366,320,7366
"780",36047051500,44,1372,52,1372,41,1372
"781",36047051601,319,5732,443,5732,585,5732
"782",36047051602,321,4028,263,4028,442,4028
"783",36047051700,75,1735,87,1735,125,1735
"784",36047051800,113,3415,84,3415,119,3415
"785",36047051900,181,3564,212,3564,227,3564
"786",36047052000,190,4228,337,4228,350,4228
"787",36047052300,465,5469,539,5469,585,5469
"788",36047052500,347,3499,350,3499,280,3499
"789",36047052600,89,4357,75,4357,86,4357
"790",36047052700,673,6629,946,6629,486,6629
"791",36047052800,123,1818,218,1818,199,1818
"792",36047052900,275,3979,477,3979,277,3979
"793",36047053000,54,3465,57,3465,61,3465
"794",36047053100,94,7027,101,7027,104,7027
"795",36047053200,74,2579,120,2579,92,2579
"796",36047053300,17,6566,31,6566,23,6566
"797",36047053400,49,4383,73,4383,43,4383
"798",36047053500,57,4348,56,4348,27,4348
"799",36047053700,53,3575,32,3575,16,3575
"800",36047053800,176,4473,304,4473,157,4473
"801",36047053900,24,2756,16,2756,12,2756
"802",36047054200,43,4450,40,4450,36,4450
"803",36047054300,198,327,167,327,144,327
"804",36047054400,19,3406,25,3406,21,3406
"805",36047054500,121,8008,104,8008,103,8008
"806",36047054600,51,4346,42,4346,36,4346
"807",36047054700,91,5245,74,5245,76,5245
"808",36047054800,45,1989,40,1989,48,1989
"809",36047054900,200,3122,207,3122,166,3122
"810",36047055000,74,3551,94,3551,106,3551
"811",36047055100,329,4597,424,4597,263,4597
"812",36047055200,300,3498,351,3498,500,3498
"813",36047055300,189,2596,219,2596,212,2596
"814",36047055400,191,4216,228,4216,264,4216
"815",36047055500,145,1959,161,1959,140,1959
"816",36047055600,44,3712,50,3712,87,3712
"817",36047055700,67,1655,79,1655,124,1655
"818",36047055800,128,2390,163,2390,242,2390
"819",36047056000,69,3493,76,3493,77,3493
"820",36047056100,70,3295,73,3295,77,3295
"821",36047056200,48,1654,17,1654,29,1654
"822",36047056300,80,4360,127,4360,122,4360
"823",36047056400,43,2451,71,2451,61,2451
"824",36047056500,101,3255,102,3255,122,3255
"825",36047056600,64,2419,87,2419,84,2419
"826",36047056800,26,1314,20,1314,33,1314
"827",36047056900,69,1630,57,1630,71,1630
"828",36047057000,72,3384,94,3384,100,3384
"829",36047057100,46,4400,57,4400,45,4400
"830",36047057200,797,5443,896,5443,713,5443
"831",36047057300,29,2608,25,2608,34,2608
"832",36047057400,57,2657,69,2657,89,2657
"833",36047057500,64,4249,56,4249,61,4249
"834",36047057600,41,2918,79,2918,88,2918
"835",36047057800,161,3176,227,3176,342,3176
"836",36047057900,57,1117,71,1117,78,1117
"837",36047058000,107,3365,142,3365,286,3365
"838",36047058200,56,2967,85,2967,105,2967
"839",36047058400,29,3620,55,3620,40,3620
"840",36047058600,42,2519,80,2519,99,2519
"841",36047058800,40,3245,51,3245,24,3245
"842",36047058900,40,1904,44,1904,45,1904
"843",36047059000,64,1899,62,1899,98,1899
"844",36047059100,47,3920,50,3920,46,3920
"845",36047059200,65,3870,143,3870,128,3870
"846",36047059300,22,2228,33,2228,32,2228
"847",36047059401,141,7628,135,7628,201,7628
"848",36047059402,474,4551,567,4551,552,4551
"849",36047059600,77,2306,79,2306,84,2306
"850",36047059800,35,3427,41,3427,24,3427
"851",36047060000,167,6067,208,6067,135,6067
"852",36047060600,226,2555,209,2555,175,2555
"853",36047060800,122,3574,136,3574,156,3574
"854",36047061002,46,4508,71,4508,38,4508
"855",36047061003,137,1984,122,1984,102,1984
"856",36047061004,203,6447,328,6447,207,6447
"857",36047061200,56,1076,66,1076,43,1076
"858",36047061600,36,1656,68,1656,51,1656
"859",36047062000,41,1850,50,1850,64,1850
"860",36047062200,44,3252,59,3252,72,3252
"861",36047062600,180,2788,261,2788,252,2788
"862",36047062800,201,5226,152,5226,131,5226
"863",36047063200,27,1447,44,1447,15,1447
"864",36047063600,12,1236,28,1236,20,1236
"865",36047063800,19,1524,24,1524,25,1524
"866",36047064000,11,1599,17,1599,9,1599
"867",36047064200,89,2518,183,2518,134,2518
"868",36047064400,33,2528,32,2528,24,2528
"869",36047064600,8,2189,23,2189,10,2189
"870",36047064800,35,1945,27,1945,51,1945
"871",36047065000,73,1389,67,1389,56,1389
"872",36047065200,45,1232,22,1232,41,1232
"873",36047065400,5,1607,12,1607,15,1607
"874",36047065600,15,1708,26,1708,12,1708
"875",36047065800,16,1762,23,1762,25,1762
"876",36047066000,22,1773,19,1773,14,1773
"877",36047066200,42,1411,39,1411,41,1411
"878",36047066600,94,0,74,0,71,0
"879",36047067000,135,2680,117,2680,91,2680
"880",36047067200,102,1422,108,1422,119,1422
"881",36047067400,44,1964,93,1964,41,1964
"882",36047067600,113,1657,146,1657,94,1657
"883",36047067800,58,2660,120,2660,53,2660
"884",36047068000,119,1809,125,1809,96,1809
"885",36047068200,92,2432,128,2432,123,2432
"886",36047068600,25,1533,42,1533,40,1533
"887",36047068800,24,1614,64,1614,44,1614
"888",36047069000,49,1791,75,1791,70,1791
"889",36047069200,51,2392,123,2392,110,2392
"890",36047069601,48,3780,81,3780,91,3780
"891",36047069602,53,5995,115,5995,154,5995
"892",36047069800,86,1277,116,1277,74,1277
"893",36047070000,12,1703,18,1703,9,1703
"894",36047070201,48,6573,77,6573,54,6573
"895",36047070202,14,37,6,37,4,37
"896",36047070600,37,2700,34,2700,47,2700
"897",36047072000,94,2167,174,2167,118,2167
"898",36047072200,244,2655,318,2655,228,2655
"899",36047072400,147,1755,167,1755,143,1755
"900",36047072600,117,2093,127,2093,99,2093
"901",36047072800,76,3193,190,3193,94,3193
"902",36047073000,72,1979,81,1979,58,1979
"903",36047073200,64,2096,64,2096,41,2096
"904",36047073400,61,1889,68,1889,38,1889
"905",36047073600,142,3368,177,3368,126,3368
"906",36047073800,59,3225,152,3225,108,3225
"907",36047074000,131,3531,194,3531,160,3531
"908",36047074200,82,3292,189,3292,100,3292
"909",36047074400,19,2492,37,2492,25,2492
"910",36047074600,46,2003,56,2003,43,2003
"911",36047074800,31,2012,51,2012,28,2012
"912",36047075000,13,3029,32,3029,14,3029
"913",36047075200,11,1130,14,1130,21,1130
"914",36047075400,17,1488,16,1488,16,1488
"915",36047075600,18,1993,34,1993,13,1993
"916",36047075800,34,1816,68,1816,52,1816
"917",36047076000,40,2776,36,2776,18,2776
"918",36047076200,39,4235,48,4235,41,4235
"919",36047076400,55,3487,93,3487,65,3487
"920",36047076600,25,2061,56,2061,45,2061
"921",36047076800,123,3407,156,3407,56,3407
"922",36047077000,119,2722,214,2722,192,2722
"923",36047077200,126,3394,242,3394,140,3394
"924",36047077400,180,2881,283,2881,251,2881
"925",36047077600,72,3806,69,3806,73,3806
"926",36047078000,77,2092,42,2092,44,2092
"927",36047078200,259,3864,112,3864,91,3864
"928",36047078400,96,2348,74,2348,55,2348
"929",36047078600,314,4256,419,4256,518,4256
"930",36047078800,376,3422,299,3422,201,3422
"931",36047079000,359,5094,558,5094,554,5094
"932",36047079200,389,4372,433,4372,391,4372
"933",36047079400,407,1864,598,1864,392,1864
"934",36047079601,106,4413,133,4413,90,4413
"935",36047079602,434,4814,552,4814,676,4814
"936",36047079801,85,3037,74,3037,47,3037
"937",36047079802,202,5451,257,5451,113,5451
"938",36047080000,128,3487,121,3487,96,3487
"939",36047080200,183,4304,260,4304,296,4304
"940",36047080400,131,3250,195,3250,126,3250
"941",36047080600,144,3386,146,3386,77,3386
"942",36047080800,100,1197,93,1197,69,1197
"943",36047081000,81,2300,114,2300,53,2300
"944",36047081400,191,2635,264,2635,141,2635
"945",36047081600,203,2791,304,2791,234,2791
"946",36047081800,259,4551,452,4551,342,4551
"947",36047082000,495,5281,545,5281,447,5281
"948",36047082200,353,7280,370,7280,342,7280
"949",36047082400,336,4730,439,4730,212,4730
"950",36047082600,641,5513,424,5513,418,5513
"951",36047082800,428,3814,360,3814,278,3814
"952",36047083000,412,5997,329,5997,310,5997
"953",36047083200,87,2289,84,2289,50,2289
"954",36047083400,110,1701,72,1701,31,1701
"955",36047083600,78,1929,69,1929,81,1929
"956",36047083800,86,2189,81,2189,71,2189
"957",36047084000,161,2412,123,2412,123,2412
"958",36047084600,104,1963,151,1963,86,1963
"959",36047084800,64,1750,62,1750,82,1750
"960",36047085000,54,1374,76,1374,48,1374
"961",36047085200,27,29,19,29,37,29
"962",36047085400,133,2052,128,2052,73,2052
"963",36047085600,212,3608,241,3608,194,3608
"964",36047085800,169,2434,271,2434,298,2434
"965",36047086000,612,3426,617,3426,573,3426
"966",36047086200,122,2996,243,2996,229,2996
"967",36047086400,130,2231,141,2231,237,2231
"968",36047086600,265,3149,283,3149,252,3149
"969",36047086800,283,3156,440,3156,411,3156
"970",36047087000,125,3204,114,3204,123,3204
"971",36047087200,170,2868,210,2868,174,2868
"972",36047087401,152,3142,159,3142,126,3142
"973",36047087600,67,1742,72,1742,56,1742
"974",36047087800,502,3006,288,3006,173,3006
"975",36047088000,196,2863,206,2863,179,2863
"976",36047088200,589,6740,605,6740,609,6740
"977",36047088400,451,5236,647,5236,396,5236
"978",36047088600,513,4427,711,4427,678,4427
"979",36047088800,296,3923,164,3923,178,3923
"980",36047089000,675,6319,744,6319,764,6319
"981",36047089200,524,3651,751,3651,558,3651
"982",36047089400,581,3430,1063,3430,839,3430
"983",36047089600,305,3546,322,3546,437,3546
"984",36047089800,399,2089,706,2089,433,2089
"985",36047090000,1041,5508,1320,5508,854,5508
"986",36047090200,817,3451,1234,3451,938,3451
"987",36047090600,2372,4581,2482,4581,2040,4581
"988",36047090800,1734,3990,2186,3990,1785,3990
"989",36047091000,1936,5610,3225,5610,2562,5610
"990",36047091200,2882,6814,3758,6814,3604,6814
"991",36047091600,678,4325,744,4325,991,4325
"992",36047091800,197,2804,206,2804,488,2804
"993",36047092000,452,3154,581,3154,643,3154
"994",36047092200,88,2691,98,2691,102,2691
"995",36047092400,1193,2656,1411,2656,1280,2656
"996",36047092800,57,2656,54,2656,57,2656
"997",36047093000,76,2547,77,2547,73,2547
"998",36047093200,134,1142,55,1142,83,1142
"999",36047093400,53,2401,117,2401,66,2401
"1000",36047093600,78,1628,75,1628,104,1628
"1001",36047093800,59,2374,98,2374,93,2374
"1002",36047094401,111,3202,126,3202,161,3202
"1003",36047094402,365,2886,280,2886,329,2886
"1004",36047094600,131,1830,109,1830,112,1830
"1005",36047095000,339,2906,378,2906,305,2906
"1006",36047095400,370,4607,317,4607,185,4607
"1007",36047095600,517,4042,568,4042,326,4042
"1008",36047095800,276,3456,291,3456,206,3456
"1009",36047096000,77,0,138,0,89,0
"1010",36047096200,128,1717,147,1717,144,1717
"1011",36047096400,190,2361,232,2361,243,2361
"1012",36047096600,199,2164,200,2164,192,2164
"1013",36047096800,322,1471,514,1471,395,1471
"1014",36047097000,65,2105,70,2105,47,2105
"1015",36047097400,264,2724,254,2724,247,2724
"1016",36047098200,858,4305,491,4305,535,4305
"1017",36047098400,106,1978,62,1978,91,1978
"1018",36047098600,240,2862,172,2862,241,2862
"1019",36047098800,184,3054,157,3054,211,3054
"1020",36047099000,155,1422,111,1422,112,1422
"1021",36047099200,79,1833,95,1833,53,1833
"1022",36047099400,153,1978,132,1978,88,1978
"1023",36047099600,144,3631,124,3631,96,3631
"1024",36047099800,137,3784,98,3784,83,3784
"1025",36047100400,82,2567,37,2567,45,2567
"1026",36047100600,126,2489,85,2489,62,2489
"1027",36047100800,103,2124,130,2124,55,2124
"1028",36047101000,170,2318,107,2318,141,2318
"1029",36047101200,98,1932,86,1932,112,1932
"1030",36047101400,97,2160,57,2160,109,2160
"1031",36047101600,26,1464,14,1464,72,1464
"1032",36047101800,56,1851,34,1851,74,1851
"1033",36047102000,92,1922,76,1922,100,1922
"1034",36047102200,173,2075,142,2075,147,2075
"1035",36047102400,96,2123,67,2123,58,2123
"1036",36047102600,53,2771,75,2771,32,2771
"1037",36047102800,144,1579,129,1579,107,1579
"1038",36047103400,419,3918,490,3918,334,3918
"1039",36047105801,140,6928,40,6928,29,6928
"1040",36047105804,153,6426,138,6426,83,6426
"1041",36047107000,197,322,149,322,91,322
"1042",36047107800,130,3849,108,3849,61,3849
"1043",36047109800,145,1917,187,1917,162,1917
"1044",36047110400,1295,4358,1287,4358,1429,4358
"1045",36047110600,1389,4311,832,4311,1309,4311
"1046",36047111000,534,3216,409,3216,352,3216
"1047",36047111600,423,3484,316,3484,201,3484
"1048",36047111800,197,3053,264,3053,184,3053
"1049",36047112000,353,3155,337,3155,620,3155
"1050",36047112200,298,3371,250,3371,374,3371
"1051",36047112400,721,3416,518,3416,907,3416
"1052",36047112600,1508,3783,2026,3783,1496,3783
"1053",36047112800,539,3822,807,3822,699,3822
"1054",36047113000,382,3891,372,3891,627,3891
"1055",36047113200,203,1937,313,1937,341,1937
"1056",36047113400,646,2838,406,2838,502,2838
"1057",36047114201,87,1578,164,1578,75,1578
"1058",36047114202,66,2766,77,2766,37,2766
"1059",36047114400,1144,2403,2237,2403,702,2403
"1060",36047114600,265,2998,320,2998,186,2998
"1061",36047115000,277,2595,330,2595,239,2595
"1062",36047115200,1648,3094,2035,3094,733,3094
"1063",36047115600,1523,4315,1682,4315,1251,4315
"1064",36047115800,672,2983,985,2983,387,2983
"1065",36047116000,488,2543,464,2543,276,2543
"1066",36047116200,219,2157,237,2157,171,2157
"1067",36047116400,149,2921,138,2921,147,2921
"1068",36047116600,341,2907,769,2907,609,2907
"1069",36047116800,290,2057,425,2057,308,2057
"1070",36047117000,362,1880,536,1880,362,1880
"1071",36047117201,223,2713,366,2713,277,2713
"1072",36047117202,119,3907,141,3907,87,3907
"1073",36047117400,492,4329,567,4329,365,4329
"1074",36047117601,321,2750,297,2750,177,2750
"1075",36047117602,218,3313,187,3313,90,3313
"1076",36047117800,171,1717,188,1717,73,1717
"1077",36047118000,151,6,139,6,88,6
"1078",36047118201,98,3002,87,3002,62,3002
"1079",36047118202,122,3083,132,3083,99,3083
"1080",36047118400,668,5420,768,5420,339,5420
"1081",36047118600,189,2969,175,2969,62,2969
"1082",36047118800,529,4651,401,4651,170,4651
"1083",36047119000,426,2127,481,2127,133,2127
"1084",36047119200,337,3013,656,3013,637,3013
"1085",36047119400,423,3914,721,3914,679,3914
"1086",36047119600,1490,5403,1530,5403,1435,5403
"1087",36047119800,531,3426,481,3426,331,3426
"1088",36047120000,290,2148,308,2148,216,2148
"1089",36047120200,295,1900,458,1900,359,1900
"1090",36047120800,318,8938,555,8938,453,8938
"1091",36047121000,717,4035,1302,4035,1587,4035
"1092",36047121400,1267,4351,1282,4351,1274,4351
"1093",36047122000,348,5495,342,5495,234,5495
"1094",36047123700,156,6008,183,6008,134,6008
"1095",36047150200,33,2540,115,2540,21,2540
"1096",36047152200,147,3317,160,3317,139,3317
"1097",36061000201,155,3058,234,3058,207,3058
"1098",36061000202,322,7316,267,7316,279,7316
"1099",36061000600,458,11367,902,11367,697,11367
"1100",36061000700,60,8109,64,8109,59,8109
"1101",36061000800,124,10290,203,10290,226,10290
"1102",36061000900,248,731,482,731,392,731
"1103",36061001001,9,1434,26,1434,6,1434
"1104",36061001002,459,6547,578,6547,506,6547
"1105",36061001200,114,3397,140,3397,133,3397
"1106",36061001300,576,4479,1127,4479,964,4479
"1107",36061001401,35,3005,81,3005,58,3005
"1108",36061001402,203,2782,276,2782,282,2782
"1109",36061001501,59,5518,105,5518,52,5518
"1110",36061001502,304,7476,230,7476,166,7476
"1111",36061001600,307,8478,542,8478,367,8478
"1112",36061001800,677,8660,842,8660,641,8660
"1113",36061002000,332,4917,303,4917,342,4917
"1114",36061002100,119,6040,261,6040,216,6040
"1115",36061002201,310,6398,322,6398,335,6398
"1116",36061002202,163,2189,142,2189,89,2189
"1117",36061002400,504,5434,464,5434,696,5434
"1118",36061002500,266,4869,226,4869,247,4869
"1119",36061002601,244,3772,244,3772,327,3772
"1120",36061002602,203,4227,272,4227,234,4227
"1121",36061002700,42,1264,43,1264,40,1264
"1122",36061002800,501,7114,595,7114,589,7114
"1123",36061002900,462,6398,473,6398,344,6398
"1124",36061003001,292,4492,260,4492,174,4492
"1125",36061003002,135,3106,93,3106,94,3106
"1126",36061003100,385,2550,329,2550,277,2550
"1127",36061003200,462,8234,490,8234,435,8234
"1128",36061003300,340,5156,405,5156,408,5156
"1129",36061003400,403,6612,409,6612,360,6612
"1130",36061003601,420,3393,404,3393,357,3393
"1131",36061003602,277,3151,329,3151,330,3151
"1132",36061003700,116,2447,153,2447,95,2447
"1133",36061003800,442,9237,468,9237,444,9237
"1134",36061003900,30,5860,29,5860,30,5860
"1135",36061004000,311,8651,446,8651,362,8651
"1136",36061004100,244,7817,276,7817,221,7817
"1137",36061004200,262,5145,293,5145,276,5145
"1138",36061004300,176,4270,270,4270,259,4270
"1139",36061004400,171,16538,160,16538,160,16538
"1140",36061004500,532,1136,352,1136,357,1136
"1141",36061004700,164,2524,177,2524,149,2524
"1142",36061004800,147,7229,180,7229,124,7229
"1143",36061004900,247,4942,314,4942,334,4942
"1144",36061005000,168,5055,255,5055,129,5055
"1145",36061005200,135,3408,249,3408,174,3408
"1146",36061005400,364,4536,348,4536,205,4536
"1147",36061005501,107,4204,69,4204,63,4204
"1148",36061005502,483,2257,475,2257,393,2257
"1149",36061005600,200,3322,250,3322,202,3322
"1150",36061005700,217,2781,171,2781,162,2781
"1151",36061005800,263,3512,245,3512,147,3512
"1152",36061005900,99,5401,111,5401,110,5401
"1153",36061006000,30,4511,44,4511,30,4511
"1154",36061006100,405,5224,341,5224,380,5224
"1155",36061006200,43,4437,48,4437,27,4437
"1156",36061006300,73,6380,56,6380,67,6380
"1157",36061006400,72,8090,80,8090,47,8090
"1158",36061006500,313,6202,387,6202,474,6202
"1159",36061006600,239,11740,306,11740,221,11740
"1160",36061006700,1077,5461,573,5461,741,5461
"1161",36061006800,91,7614,131,7614,45,7614
"1162",36061006900,58,2759,61,2759,113,2759
"1163",36061007000,173,8871,136,8871,121,8871
"1164",36061007100,183,5429,187,5429,187,5429
"1165",36061007200,394,8664,348,8664,273,8664
"1166",36061007300,443,6215,502,6215,611,6215
"1167",36061007400,330,4319,458,4319,422,4319
"1168",36061007500,272,4159,193,4159,216,4159
"1169",36061007600,1147,2277,991,2277,706,2277
"1170",36061007700,412,5966,555,5966,710,5966
"1171",36061007800,107,8391,56,8391,68,8391
"1172",36061007900,176,4442,191,4442,293,4442
"1173",36061008000,76,5377,76,5377,41,5377
"1174",36061008100,303,8047,496,8047,470,8047
"1175",36061008200,49,3262,60,3262,45,3262
"1176",36061008300,307,4092,313,4092,283,4092
"1177",36061008400,389,1595,473,1595,196,1595
"1178",36061008601,41,2618,21,2618,20,2618
"1179",36061008602,9,0,11,0,6,0
"1180",36061008603,20,4799,18,4799,24,4799
"1181",36061008700,202,6338,214,6338,173,6338
"1182",36061008800,112,7026,109,7026,80,7026
"1183",36061008900,311,5708,254,5708,175,5708
"1184",36061009000,109,7883,127,7883,68,7883
"1185",36061009100,214,6304,269,6304,209,6304
"1186",36061009200,834,1806,810,1806,617,1806
"1187",36061009300,485,8780,692,8780,519,8780
"1188",36061009400,127,73,141,73,152,73
"1189",36061009500,181,3040,386,3040,224,3040
"1190",36061009600,344,155,472,155,332,155
"1191",36061009700,209,5224,218,5224,140,5224
"1192",36061009800,81,7316,111,7316,100,7316
"1193",36061009900,272,1945,239,1945,149,1945
"1194",36061010000,218,1992,290,1992,212,1992
"1195",36061010100,1879,1116,1880,1116,1712,1116
"1196",36061010200,70,230,108,230,94,230
"1197",36061010300,122,2058,116,2058,106,2058
"1198",36061010400,71,966,86,966,54,966
"1199",36061010601,29,7351,15,7351,7,7351
"1200",36061010602,46,4875,54,4875,46,4875
"1201",36061010800,111,9039,75,9039,52,9039
"1202",36061010900,1615,183,1373,183,995,183
"1203",36061011000,117,7169,140,7169,132,7169
"1204",36061011100,202,3512,237,3512,211,3512
"1205",36061011201,145,992,146,992,139,992
"1206",36061011202,26,441,41,441,53,441
"1207",36061011203,478,1401,826,1401,391,1401
"1208",36061011300,3698,117,2925,117,2596,117
"1209",36061011401,54,1412,50,1412,52,1412
"1210",36061011402,96,2397,139,2397,83,2397
"1211",36061011500,733,2303,570,2303,680,2303
"1212",36061011600,43,3543,39,3543,28,3543
"1213",36061011700,27,3364,12,3364,12,3364
"1214",36061011800,91,8767,82,8767,95,8767
"1215",36061011900,822,1120,814,1120,594,1120
"1216",36061012000,224,3971,323,3971,235,3971
"1217",36061012100,574,8554,424,8554,325,8554
"1218",36061012200,57,3633,96,3633,61,3633
"1219",36061012400,61,10218,78,10218,65,10218
"1220",36061012500,579,2719,635,2719,502,2719
"1221",36061012600,89,12774,113,12774,75,12774
"1222",36061012700,275,6928,392,6928,377,6928
"1223",36061012800,163,6270,257,6270,195,6270
"1224",36061012900,96,6038,78,6038,73,6038
"1225",36061013000,55,4195,80,4195,50,4195
"1226",36061013100,103,2816,197,2816,103,2816
"1227",36061013200,92,10590,109,10590,104,10590
"1228",36061013300,43,6208,76,6208,70,6208
"1229",36061013400,194,11174,232,11174,169,11174
"1230",36061013500,65,6596,65,6596,54,6596
"1231",36061013600,124,15344,154,15344,137,15344
"1232",36061013700,184,6471,184,6471,180,6471
"1233",36061013800,187,12444,272,12444,205,12444
"1234",36061013900,39,9257,70,9257,29,9257
"1235",36061014000,121,7813,168,7813,145,7813
"1236",36061014200,65,4462,80,4462,79,4462
"1237",36061014300,815,25,1213,25,866,25
"1238",36061014401,71,4864,86,4864,99,4864
"1239",36061014402,152,6743,184,6743,133,6743
"1240",36061014500,353,5542,319,5542,209,5542
"1241",36061014601,135,4274,124,4274,138,4274
"1242",36061014602,113,7904,96,7904,131,7904
"1243",36061014700,69,2755,40,2755,31,2755
"1244",36061014801,131,2863,166,2863,230,2863
"1245",36061014802,525,7066,761,7066,718,7066
"1246",36061014900,333,5842,522,5842,253,5842
"1247",36061015001,17,2294,20,2294,29,2294
"1248",36061015002,39,5437,39,5437,58,5437
"1249",36061015100,627,8306,822,8306,511,8306
"1250",36061015200,418,7275,369,7275,326,7275
"1251",36061015300,292,9320,265,9320,195,9320
"1252",36061015400,231,13749,309,13749,263,13749
"1253",36061015500,85,9350,120,9350,57,9350
"1254",36061015601,93,5345,108,5345,71,5345
"1255",36061015602,384,2298,283,2298,206,2298
"1256",36061015700,324,10751,378,10751,282,10751
"1257",36061015801,257,5650,272,5650,260,5650
"1258",36061015802,86,3346,49,3346,60,3346
"1259",36061015900,569,9623,656,9623,507,9623
"1260",36061016001,56,3744,65,3744,73,3744
"1261",36061016002,24,3131,49,3131,12,3131
"1262",36061016100,155,6437,196,6437,108,6437
"1263",36061016200,1502,9308,1397,9308,653,9308
"1264",36061016300,185,6624,164,6624,124,6624
"1265",36061016400,1672,6127,2044,6127,881,6127
"1266",36061016500,218,6402,211,6402,156,6402
"1267",36061016600,1302,7317,952,7317,577,7317
"1268",36061016700,580,6564,666,6564,315,6564
"1269",36061016800,1603,5675,2210,5675,777,5675
"1270",36061016900,275,8108,236,8108,125,8108
"1271",36061017000,470,7855,399,7855,262,7855
"1272",36061017100,312,8989,319,8989,220,8989
"1273",36061017200,2268,5504,1826,5504,1107,5504
"1274",36061017300,162,8939,196,8939,164,8939
"1275",36061017401,782,5248,1086,5248,556,5248
"1276",36061017402,630,2093,471,2093,244,2093
"1277",36061017500,171,10820,289,10820,263,10820
"1278",36061017700,255,9151,419,9151,250,9151
"1279",36061017800,334,3912,309,3912,207,3912
"1280",36061017900,161,9293,298,9293,237,9293
"1281",36061018000,2285,7476,2482,7476,2317,7476
"1282",36061018100,65,8866,99,8866,78,8866
"1283",36061018200,2306,6768,2541,6768,2401,6768
"1284",36061018300,611,8667,672,8667,669,8667
"1285",36061018400,2242,7835,2437,7835,1581,7835
"1286",36061018500,36,4190,58,4190,36,4190
"1287",36061018600,1818,5701,1562,5701,1063,5701
"1288",36061018700,262,8974,264,8974,282,8974
"1289",36061018800,645,6008,647,6008,428,6008
"1290",36061018900,958,11547,1059,11547,896,11547
"1291",36061019000,297,3083,383,3083,221,3083
"1292",36061019100,333,8807,327,8807,338,8807
"1293",36061019200,331,3584,608,3584,319,3584
"1294",36061019300,228,9009,427,9009,391,9009
"1295",36061019400,1130,6558,1112,6558,698,6558
"1296",36061019500,344,8197,533,8197,373,8197
"1297",36061019600,3429,3931,2006,3931,1654,3931
"1298",36061019701,242,641,337,641,284,641
"1299",36061019702,305,2090,224,2090,181,2090
"1300",36061019800,608,1914,616,1914,382,1914
"1301",36061019900,142,10064,74,10064,52,10064
"1302",36061020000,307,2581,420,2581,259,2581
"1303",36061020101,52,1731,47,1731,27,1731
"1304",36061020102,592,3865,594,3865,476,3865
"1305",36061020300,83,3633,50,3633,66,3633
"1306",36061020500,82,5322,49,5322,46,5322
"1307",36061020600,492,2942,448,2942,233,2942
"1308",36061020701,22,3329,15,3329,30,3329
"1309",36061020800,447,4591,891,4591,589,4591
"1310",36061020901,565,3673,661,3673,865,3673
"1311",36061021000,1065,6637,1566,6637,985,6637
"1312",36061021100,482,10330,672,10330,816,10330
"1313",36061021200,706,4412,863,4412,726,4412
"1314",36061021303,392,5619,443,5619,374,5619
"1315",36061021400,424,3001,598,3001,516,3001
"1316",36061021500,392,3068,436,3068,318,3068
"1317",36061021600,938,7556,1150,7556,914,7556
"1318",36061021703,323,6,337,6,366,6
"1319",36061021800,917,6617,1166,6617,970,6617
"1320",36061021900,949,6023,1277,6023,1631,6023
"1321",36061022000,351,5370,391,5370,327,5370
"1322",36061022102,410,2175,459,2175,324,2175
"1323",36061022200,1164,2644,1730,2644,1424,2644
"1324",36061022301,524,7917,749,7917,668,7917
"1325",36061022302,65,3385,139,3385,97,3385
"1326",36061022400,1420,6427,1666,6427,1158,6427
"1327",36061022500,607,10149,881,10149,677,10149
"1328",36061022600,527,3778,582,3778,407,3778
"1329",36061022700,552,4864,735,4864,576,4864
"1330",36061022800,705,5248,876,5248,535,5248
"1331",36061022900,1063,8300,1593,8300,1357,8300
"1332",36061023000,1444,8106,2025,8106,1832,8106
"1333",36061023100,384,5865,683,5865,561,5865
"1334",36061023200,1466,7980,1770,7980,1819,7980
"1335",36061023300,493,6527,995,6527,852,6527
"1336",36061023400,292,4465,258,4465,251,4465
"1337",36061023501,451,6004,725,6004,371,6004
"1338",36061023502,248,1819,184,1819,126,1819
"1339",36061023600,774,6404,659,6404,728,6404
"1340",36061023700,527,6811,699,6811,745,6811
"1341",36061023801,5,9723,2,9723,NA,NA
"1342",36061023802,1,1938,4,1938,1,1938
"1343",36061023900,197,2371,326,2371,153,2371
"1344",36061024000,96,1648,59,1648,33,1648
"1345",36061024100,484,7642,765,7642,388,7642
"1346",36061024200,991,3396,704,3396,454,3396
"1347",36061024301,204,3946,382,3946,148,3946
"1348",36061024302,1128,7370,1152,7370,965,7370
"1349",36061024500,811,14934,1736,14934,512,14934
"1350",36061024700,181,7074,345,7074,217,7074
"1351",36061024900,58,1101,54,1101,40,1101
"1352",36061025100,736,2526,1006,2526,645,2526
"1353",36061025300,307,11236,412,11236,318,11236
"1354",36061025500,213,5771,295,5771,209,5771
"1355",36061025700,1350,3876,1572,3876,1302,3876
"1356",36061025900,412,3496,634,3496,468,3496
"1357",36061026100,636,12087,955,12087,636,12087
"1358",36061026300,348,8729,615,8729,388,8729
"1359",36061026500,209,7021,413,7021,208,7021
"1360",36061026700,58,2173,68,2173,123,2173
"1361",36061026900,772,8428,1768,8428,1471,8428
"1362",36061027100,774,8196,1123,8196,1228,8196
"1363",36061027300,72,6370,242,6370,105,6370
"1364",36061027500,14,2846,30,2846,28,2846
"1365",36061027700,430,7086,1212,7086,1126,7086
"1366",36061027900,522,10292,832,10292,671,10292
"1367",36061028100,64,2867,94,2867,44,2867
"1368",36061028300,210,7627,303,7627,279,7627
"1369",36061028500,617,7216,857,7216,756,7216
"1370",36061028700,186,4035,400,4035,369,4035
"1371",36061029100,739,11288,1263,11288,870,11288
"1372",36061029300,782,9033,1039,9033,1001,9033
"1373",36061029500,95,6941,227,6941,154,6941
"1374",36061029700,19,161,23,161,29,161
"1375",36061029900,346,3834,498,3834,549,3834
"1376",36061030300,219,3753,338,3753,207,3753
"1377",36061030700,15,3434,42,3434,31,3434
"1378",36061030900,273,8463,357,8463,193,8463
"1379",36061031100,327,2,517,2,269,2
"1380",36061031703,20,7709,24,7709,22,7709
"1381",36061031704,6,5677,84,5677,103,5677
"1382",36061031900,3,11,6,11,3,11
"1383",36081000100,80,4949,82,4949,69,4949
"1384",36081000200,154,2829,173,2829,128,2829
"1385",36081000400,428,4413,479,4413,341,4413
"1386",36081000600,386,3729,412,3729,195,3729
"1387",36081000700,190,4790,160,4790,120,4790
"1388",36081000800,207,3360,232,3360,181,3360
"1389",36081001000,169,3502,276,3502,145,3502
"1390",36081001200,138,3871,197,3871,82,3871
"1391",36081001400,109,3683,139,3683,93,3683
"1392",36081001600,177,2831,169,2831,174,2831
"1393",36081001800,246,2931,186,2931,249,2931
"1394",36081001900,420,1076,396,1076,298,1076
"1395",36081002000,105,1797,180,1797,92,1797
"1396",36081002200,237,2077,216,2077,94,2077
"1397",36081002400,94,2145,113,2145,70,2145
"1398",36081002500,1975,7571,2033,7571,1491,7571
"1399",36081002600,184,2055,249,2055,112,2055
"1400",36081002800,134,3033,139,3033,109,3033
"1401",36081003000,34,1399,38,1399,25,1399
"1402",36081003100,73,1388,89,1388,94,1388
"1403",36081003200,131,1504,189,1504,130,1504
"1404",36081003300,306,2474,410,2474,359,2474
"1405",36081003400,367,2201,337,2201,298,2201
"1406",36081003600,134,3295,125,3295,74,3295
"1407",36081003700,35,0,67,0,45,0
"1408",36081003800,124,2287,97,2287,94,2287
"1409",36081003900,110,1592,126,1592,156,1592
"1410",36081004001,100,2134,49,2134,48,2134
"1411",36081004002,256,1270,198,1270,144,1270
"1412",36081004200,320,4120,355,4120,249,4120
"1413",36081004300,285,2437,301,2437,230,2437
"1414",36081004401,308,3500,282,3500,242,3500
"1415",36081004500,156,2975,193,2975,158,2975
"1416",36081004700,374,3984,401,3984,271,3984
"1417",36081005000,68,29,23,29,29,29
"1418",36081005100,146,2231,173,2231,139,2231
"1419",36081005200,144,2751,124,2751,104,2751
"1420",36081005300,195,5340,162,5340,116,5340
"1421",36081005400,225,5257,201,5257,228,5257
"1422",36081005500,136,1067,100,1067,89,1067
"1423",36081005700,165,4321,115,4321,65,4321
"1424",36081005800,260,5414,195,5414,124,5414
"1425",36081005900,241,4169,153,4169,151,4169
"1426",36081006100,128,5644,78,5644,62,5644
"1427",36081006201,46,5128,37,5128,17,5128
"1428",36081006202,126,6253,172,6253,84,6253
"1429",36081006300,351,5949,127,5949,111,5949
"1430",36081006501,59,3676,32,3676,42,3676
"1431",36081006502,145,3853,91,3853,60,3853
"1432",36081006900,93,4611,95,4611,101,4611
"1433",36081007100,184,3963,118,3963,157,3963
"1434",36081007300,121,4231,86,4231,81,4231
"1435",36081007500,163,4116,149,4116,68,4116
"1436",36081007700,342,1478,356,1478,226,1478
"1437",36081007900,189,3493,257,3493,184,3493
"1438",36081008100,137,1188,206,1188,164,1188
"1439",36081008300,207,2950,240,2950,245,2950
"1440",36081008500,183,1270,168,1270,163,1270
"1441",36081008600,239,2811,268,2811,300,2811
"1442",36081008700,485,4582,454,4582,340,4582
"1443",36081008800,173,3095,172,3095,72,3095
"1444",36081009100,58,2796,73,2796,38,2796
"1445",36081009400,548,2834,593,2834,238,2834
"1446",36081009500,43,2289,54,2289,35,2289
"1447",36081009600,176,3135,185,3135,92,3135
"1448",36081009700,61,3580,60,3580,48,3580
"1449",36081009800,143,2688,262,2688,118,2688
"1450",36081009900,57,3,96,3,58,3
"1451",36081010000,277,3571,257,3571,105,3571
"1452",36081010100,64,2552,48,2552,99,2552
"1453",36081010200,254,2677,198,2677,91,2677
"1454",36081010300,143,3934,171,3934,168,3934
"1455",36081010400,161,3147,251,3147,145,3147
"1456",36081010500,71,4244,97,4244,134,4244
"1457",36081010600,222,3427,353,3427,207,3427
"1458",36081010701,35,0,41,0,63,0
"1459",36081010800,124,2980,161,2980,150,2980
"1460",36081011000,114,3075,142,3075,91,3075
"1461",36081011100,49,3050,39,3050,46,3050
"1462",36081011200,108,2358,113,2358,117,2358
"1463",36081011300,53,4234,61,4234,105,4234
"1464",36081011400,122,1330,139,1330,115,1330
"1465",36081011500,139,2325,168,2325,140,2325
"1466",36081011600,163,2178,166,2178,103,2178
"1467",36081011700,64,3848,63,3848,80,3848
"1468",36081011800,236,2628,254,2628,148,2628
"1469",36081011900,32,1701,18,1701,38,1701
"1470",36081012000,117,2487,150,2487,146,2487
"1471",36081012100,34,2064,27,2064,28,2064
"1472",36081012200,226,2971,193,2971,105,2971
"1473",36081012301,100,2910,108,2910,181,2910
"1474",36081012400,418,2914,440,2914,297,2914
"1475",36081012500,102,1662,136,1662,110,1662
"1476",36081012601,194,2413,162,2413,124,2413
"1477",36081012602,139,2578,78,2578,67,2578
"1478",36081012800,76,2030,82,2030,102,2030
"1479",36081013000,83,1745,60,1745,61,1745
"1480",36081013200,80,1772,92,1772,48,1772
"1481",36081013400,41,5474,35,5474,32,5474
"1482",36081013500,18,1411,11,1411,24,1411
"1483",36081013600,14,1972,22,1972,13,1972
"1484",36081013700,67,1579,44,1579,74,1579
"1485",36081013800,14,3604,21,3604,20,3604
"1486",36081014000,64,3705,56,3705,53,3705
"1487",36081014100,42,1621,73,1621,42,1621
"1488",36081014201,152,4348,190,4348,121,4348
"1489",36081014202,188,2838,398,2838,259,2838
"1490",36081014300,172,4065,96,4065,83,4065
"1491",36081014400,175,2109,278,2109,118,2109
"1492",36081014500,50,2246,39,2246,57,2246
"1493",36081014700,126,3054,124,3054,65,3054
"1494",36081014800,121,2265,176,2265,106,2265
"1495",36081014900,108,2674,81,2674,56,2674
"1496",36081015000,191,2458,255,2458,195,2458
"1497",36081015100,92,2794,118,2794,71,2794
"1498",36081015200,134,2721,181,2721,100,2721
"1499",36081015300,102,2145,103,2145,49,2145
"1500",36081015400,143,2333,192,2333,123,2333
"1501",36081015500,338,2251,199,2251,211,2251
"1502",36081015600,165,3218,157,3218,153,3218
"1503",36081015700,175,1543,107,1543,96,1543
"1504",36081015801,261,3737,364,3737,230,3737
"1505",36081015802,488,4398,878,4398,419,4398
"1506",36081015900,137,4136,85,4136,61,4136
"1507",36081016100,226,2377,142,2377,64,2377
"1508",36081016300,357,4382,315,4382,163,4382
"1509",36081016400,89,3313,98,3313,85,3313
"1510",36081016600,414,3278,302,3278,208,3278
"1511",36081016800,157,2684,117,2684,97,2684
"1512",36081016900,162,5539,160,5539,111,5539
"1513",36081017000,125,2600,159,2600,124,2600
"1514",36081017100,232,8,206,8,78,8
"1515",36081017200,161,2101,165,2101,134,2101
"1516",36081017400,125,2244,120,2244,74,2244
"1517",36081017600,90,2143,110,2143,56,2143
"1518",36081017800,142,1925,217,1925,100,1925
"1519",36081017900,322,1054,314,1054,192,1054
"1520",36081018000,222,1090,505,1090,192,1090
"1521",36081018101,108,4090,126,4090,91,4090
"1522",36081018102,100,3928,101,3928,101,3928
"1523",36081018200,171,2267,193,2267,139,2267
"1524",36081018300,177,6031,210,6031,163,6031
"1525",36081018401,369,2054,415,2054,347,2054
"1526",36081018402,347,2223,438,2223,262,2223
"1527",36081018501,133,3611,122,3611,89,3611
"1528",36081018502,67,3633,73,3633,50,3633
"1529",36081018600,102,1623,111,1623,43,1623
"1530",36081018700,56,3088,55,3088,30,3088
"1531",36081018800,50,1236,114,1236,30,1236
"1532",36081018900,225,3492,189,3492,150,3492
"1533",36081019000,329,1969,437,1969,339,1969
"1534",36081019200,64,1914,117,1914,50,1914
"1535",36081019400,99,2628,142,2628,141,2628
"1536",36081019600,255,2643,249,2643,204,2643
"1537",36081019800,420,2930,652,2930,412,2930
"1538",36081019900,198,1028,88,1028,111,1028
"1539",36081020200,20,1387,36,1387,49,1387
"1540",36081020400,232,2098,357,2098,226,2098
"1541",36081020500,50,1202,71,1202,52,1202
"1542",36081020600,255,1712,94,1712,66,1712
"1543",36081020800,305,2539,283,2539,267,2539
"1544",36081021200,1061,2754,1034,2754,974,2754
"1545",36081021400,309,6194,364,6194,307,6194
"1546",36081021600,158,4016,130,4016,79,4016
"1547",36081021900,55,7,45,7,25,7
"1548",36081022001,118,6074,64,6074,79,6074
"1549",36081022002,104,5569,148,5569,104,5569
"1550",36081022900,92,27,66,27,59,27
"1551",36081023000,70,1795,65,1795,58,1795
"1552",36081023200,168,5090,159,5090,103,5090
"1553",36081023500,672,8278,575,8278,318,8278
"1554",36081023600,901,2638,921,2638,452,2638
"1555",36081023800,447,5101,301,5101,249,5101
"1556",36081024000,2204,5464,3215,5464,1973,5464
"1557",36081024300,152,5440,118,5440,129,5440
"1558",36081024500,131,4942,88,4942,69,4942
"1559",36081024600,281,0,350,0,314,0
"1560",36081024700,35,1509,51,1509,35,1509
"1561",36081024900,210,5546,130,5546,90,5546
"1562",36081025100,213,5720,163,5720,63,5720
"1563",36081025301,250,4591,216,4591,116,4591
"1564",36081025302,160,2876,136,2876,106,2876
"1565",36081025400,2411,8207,1613,8207,1412,8207
"1566",36081025500,189,1507,133,1507,92,1507
"1567",36081025700,149,1542,125,1542,73,1542
"1568",36081025800,698,1978,369,1978,400,1978
"1569",36081025900,287,3516,157,3516,114,3516
"1570",36081026000,667,2339,368,2339,414,2339
"1571",36081026100,463,7414,362,7414,167,7414
"1572",36081026200,174,1465,213,1465,169,1465
"1573",36081026300,512,6220,535,6220,310,6220
"1574",36081026400,100,2257,186,2257,106,2257
"1575",36081026500,609,4494,606,4494,336,4494
"1576",36081026600,219,1755,197,1755,142,1755
"1577",36081026700,1166,6002,1092,6002,684,6002
"1578",36081026901,555,5304,587,5304,397,5304
"1579",36081026902,230,4444,216,4444,221,4444
"1580",36081027000,221,1647,288,1647,159,1647
"1581",36081027100,515,8726,483,8726,601,8726
"1582",36081027200,216,1846,293,1846,237,1846
"1583",36081027300,1353,8631,1768,8631,755,8631
"1584",36081027400,221,1735,235,1735,170,1735
"1585",36081027500,695,6887,964,6887,500,6887
"1586",36081027600,159,1165,166,1165,211,1165
"1587",36081027700,598,8757,1065,8757,395,8757
"1588",36081027800,540,2256,451,2256,213,2256
"1589",36081027900,263,6317,318,6317,113,6317
"1590",36081028000,164,1551,157,1551,179,1551
"1591",36081028100,341,5722,474,5722,224,5722
"1592",36081028200,257,1545,288,1545,258,1545
"1593",36081028300,738,7415,988,7415,399,7415
"1594",36081028400,148,3438,263,3438,217,3438
"1595",36081028500,310,4729,516,4729,209,4729
"1596",36081028700,463,6232,739,6232,257,6232
"1597",36081028800,546,4230,843,4230,479,4230
"1598",36081028900,125,5176,258,5176,85,5176
"1599",36081029100,182,7039,312,7039,117,7039
"1600",36081029300,159,1351,211,1351,142,1351
"1601",36081029400,589,6664,751,6664,855,6664
"1602",36081029500,131,3670,158,3670,90,3670
"1603",36081029700,150,2162,148,2162,168,2162
"1604",36081029900,33,0,36,0,29,0
"1605",36081030600,227,4213,293,4213,163,4213
"1606",36081030902,142,7992,125,7992,58,7992
"1607",36081030903,235,6743,263,6743,130,6743
"1608",36081030904,74,3712,79,3712,62,3712
"1609",36081031700,69,6151,72,6151,88,6151
"1610",36081032000,310,4645,422,4645,256,4645
"1611",36081032700,123,4255,128,4255,55,4255
"1612",36081032800,172,2409,216,2409,148,2409
"1613",36081032900,254,4018,217,4018,127,4018
"1614",36081033000,327,6170,400,6170,275,6170
"1615",36081033100,4,0,1,0,1,0
"1616",36081033401,104,3128,155,3128,114,3128
"1617",36081033402,233,12575,294,12575,298,12575
"1618",36081033700,94,3619,92,3619,39,3619
"1619",36081033900,269,3400,228,3400,122,3400
"1620",36081034700,188,3268,226,3268,112,3268
"1621",36081035100,244,4240,155,4240,61,4240
"1622",36081035200,298,2414,348,2414,260,2414
"1623",36081035300,90,2690,125,2690,92,2690
"1624",36081035700,174,4947,129,4947,98,4947
"1625",36081035800,351,3927,419,3927,313,3927
"1626",36081036100,240,2426,290,2426,182,2426
"1627",36081036300,324,2397,317,2397,189,2397
"1628",36081036500,157,3885,131,3885,87,3885
"1629",36081036600,248,2592,461,2592,205,2592
"1630",36081036700,102,2676,88,2676,75,2676
"1631",36081036800,51,2362,51,2362,71,2362
"1632",36081037100,49,1597,31,1597,48,1597
"1633",36081037300,149,2532,154,2532,125,2532
"1634",36081037500,651,3783,848,3783,456,3783
"1635",36081037600,181,5598,308,5598,168,5598
"1636",36081037700,289,4227,475,4227,162,4227
"1637",36081037900,454,6214,881,6214,319,6214
"1638",36081038100,546,6808,800,6808,278,6808
"1639",36081038301,66,0,40,0,44,0
"1640",36081038302,596,56,471,56,572,56
"1641",36081038400,132,2333,171,2333,117,2333
"1642",36081039400,183,2814,296,2814,171,2814
"1643",36081039800,79,1657,96,1657,72,1657
"1644",36081039900,434,4132,376,4132,170,4132
"1645",36081040000,41,1267,47,1267,56,1267
"1646",36081040100,621,7527,798,7527,379,7527
"1647",36081040200,66,1368,75,1368,67,1368
"1648",36081040300,795,6777,1029,6777,504,6777
"1649",36081040400,118,3918,142,3918,110,3918
"1650",36081040500,1072,3303,1262,3303,774,3303
"1651",36081040700,890,8304,1183,8304,640,8304
"1652",36081040900,809,5094,754,5094,478,5094
"1653",36081041100,466,3947,271,3947,243,3947
"1654",36081041300,609,4464,297,4464,265,4464
"1655",36081041400,435,4033,424,4033,504,4033
"1656",36081041500,443,4278,238,4278,268,4278
"1657",36081042400,109,2161,156,2161,68,2161
"1658",36081042600,73,512,88,512,82,512
"1659",36081042700,260,4604,213,4604,193,4604
"1660",36081043200,98,1166,157,1166,81,1166
"1661",36081043400,65,1956,87,1956,80,1956
"1662",36081043701,76,3381,66,3381,61,3381
"1663",36081043702,154,6476,128,6476,114,6476
"1664",36081043900,562,4790,302,4790,263,4790
"1665",36081044000,361,3669,422,3669,353,3669
"1666",36081044301,402,4033,295,4033,207,4033
"1667",36081044302,265,5223,209,5223,179,5223
"1668",36081044400,594,3236,555,3236,528,3236
"1669",36081044601,1297,3367,2530,3367,1157,3367
"1670",36081044602,1147,4596,1194,4596,673,4596
"1671",36081044800,174,2571,144,2571,77,2571
"1672",36081045000,85,1943,105,1943,62,1943
"1673",36081045200,237,1153,226,1153,85,1153
"1674",36081045400,556,4773,302,4773,220,4773
"1675",36081045500,240,12330,200,12330,143,12330
"1676",36081045600,92,1338,42,1338,47,1338
"1677",36081045700,105,3355,78,3355,64,3355
"1678",36081045800,261,2016,99,2016,129,2016
"1679",36081045900,147,3975,112,3975,79,3975
"1680",36081046000,805,6006,1259,6006,568,6006
"1681",36081046100,396,3089,338,3089,193,3089
"1682",36081046200,661,7296,494,7296,374,7296
"1683",36081046300,415,4284,240,4284,141,4284
"1684",36081046400,28,1643,18,1643,24,1643
"1685",36081046500,550,4247,500,4247,400,4247
"1686",36081046600,522,3058,219,3058,246,3058
"1687",36081046700,923,7112,447,7112,443,7112
"1688",36081046800,316,3829,188,3829,172,3829
"1689",36081046900,769,8570,620,8570,613,8570
"1690",36081047000,265,3247,140,3247,158,3247
"1691",36081047100,416,4425,306,4425,225,4425
"1692",36081047200,118,3760,74,3760,72,3760
"1693",36081047300,231,3997,173,3997,149,3997
"1694",36081047500,103,4835,56,4835,64,4835
"1695",36081047600,41,1326,14,1326,11,1326
"1696",36081047800,104,5294,90,5294,173,5294
"1697",36081047900,85,5456,105,5456,76,5456
"1698",36081048000,191,2506,146,2506,158,2506
"1699",36081048100,475,6781,328,6781,238,6781
"1700",36081048200,92,1452,110,1452,103,1452
"1701",36081048300,339,4047,224,4047,221,4047
"1702",36081048400,73,4979,107,4979,174,4979
"1703",36081048500,262,4598,242,4598,203,4598
"1704",36081048900,150,1486,124,1486,161,1486
"1705",36081049200,156,4750,119,4750,95,4750
"1706",36081049301,6,2134,7,2134,9,2134
"1707",36081049302,56,2811,31,2811,28,2811
"1708",36081049500,21,1358,19,1358,5,1358
"1709",36081049600,180,3030,127,3030,95,3030
"1710",36081049700,18,3021,7,3021,11,3021
"1711",36081049900,85,5071,101,5071,62,5071
"1712",36081050000,122,4323,134,4323,184,4323
"1713",36081050201,19,1410,28,1410,29,1410
"1714",36081050202,28,1344,45,1344,33,1344
"1715",36081050400,57,1831,57,1831,50,1831
"1716",36081050500,23,1657,36,1657,10,1657
"1717",36081050600,75,1553,90,1553,95,1553
"1718",36081050700,21,3442,33,3442,16,3442
"1719",36081050800,128,1837,119,1837,124,1837
"1720",36081051000,163,1540,114,1540,119,1540
"1721",36081051100,24,2097,19,2097,7,2097
"1722",36081051200,287,2619,325,2619,279,2619
"1723",36081051300,21,2367,8,2367,7,2367
"1724",36081051500,16,2852,13,2852,19,2852
"1725",36081051600,141,1866,153,1866,148,1866
"1726",36081051700,72,1957,44,1957,22,1957
"1727",36081051800,83,1931,138,1931,52,1931
"1728",36081052000,55,1521,146,1521,60,1521
"1729",36081052100,71,1983,76,1983,28,1983
"1730",36081052200,166,1532,245,1532,130,1532
"1731",36081052400,110,1739,123,1739,117,1739
"1732",36081052500,63,2063,42,2063,34,2063
"1733",36081052600,125,1802,195,1802,187,1802
"1734",36081052800,108,1442,198,1442,87,1442
"1735",36081053000,112,2240,269,2240,158,2240
"1736",36081053100,107,3114,88,3114,51,3114
"1737",36081053200,77,1675,134,1675,70,1675
"1738",36081053401,231,1907,214,1907,137,1907
"1739",36081053500,131,1123,93,1123,98,1123
"1740",36081053601,50,1577,63,1577,98,1577
"1741",36081053800,83,1755,109,1755,112,1755
"1742",36081053900,366,4147,450,4147,277,4147
"1743",36081054000,409,4222,318,4222,297,4222
"1744",36081054200,283,5074,227,5074,174,5074
"1745",36081054500,241,3722,127,3722,152,3722
"1746",36081054700,294,4643,200,4643,145,4643
"1747",36081054800,50,2319,66,2319,31,2319
"1748",36081054900,616,5308,480,5308,467,5308
"1749",36081055100,338,4573,277,4573,220,4573
"1750",36081055200,222,3064,174,3064,130,3064
"1751",36081055300,524,2454,392,2454,299,2454
"1752",36081055400,35,2303,44,2303,36,2303
"1753",36081055500,327,2147,403,2147,273,2147
"1754",36081055600,62,2153,25,2153,38,2153
"1755",36081055700,337,3915,279,3915,206,3915
"1756",36081055800,66,1732,43,1732,36,1732
"1757",36081055900,155,1217,150,1217,107,1217
"1758",36081056000,39,1647,38,1647,29,1647
"1759",36081056100,127,73,118,73,109,73
"1760",36081056200,3,1517,7,1517,6,1517
"1761",36081056400,158,1783,151,1783,95,1783
"1762",36081056500,52,1567,66,1567,88,1567
"1763",36081056600,111,1487,125,1487,94,1487
"1764",36081056700,149,4574,136,4574,122,4574
"1765",36081056800,516,4550,335,4550,293,4550
"1766",36081057700,110,3625,130,3625,83,3625
"1767",36081057900,35,1592,43,1592,26,1592
"1768",36081058000,123,3641,115,3641,126,3641
"1769",36081058100,74,2662,98,2662,65,2662
"1770",36081058200,416,4490,402,4490,331,4490
"1771",36081058300,74,3254,47,3254,44,3254
"1772",36081058500,107,4062,97,4062,81,4062
"1773",36081058700,52,3296,74,3296,33,3296
"1774",36081058900,253,4196,239,4196,165,4196
"1775",36081059000,99,1074,97,1074,71,1074
"1776",36081059100,267,5826,260,5826,195,5826
"1777",36081059200,29,1280,46,1280,29,1280
"1778",36081059300,86,3881,81,3881,44,3881
"1779",36081059400,23,1537,46,1537,45,1537
"1780",36081059500,351,4700,270,4700,258,4700
"1781",36081059600,76,1304,102,1304,64,1304
"1782",36081059800,258,1643,294,1643,234,1643
"1783",36081059900,26,1525,10,1525,4,1525
"1784",36081060000,46,1056,44,1056,35,1056
"1785",36081060100,34,2111,34,2111,17,2111
"1786",36081060300,79,1706,74,1706,45,1706
"1787",36081060600,64,1381,93,1381,56,1381
"1788",36081060701,17,25,11,25,6,25
"1789",36081060800,159,1413,187,1413,121,1413
"1790",36081061000,77,1268,73,1268,67,1268
"1791",36081061200,30,1597,54,1597,46,1597
"1792",36081061301,302,5295,223,5295,159,5295
"1793",36081061302,13,19,16,19,12,19
"1794",36081061400,46,1234,38,1234,29,1234
"1795",36081061601,22,2180,51,2180,51,2180
"1796",36081061602,79,1152,82,1152,84,1152
"1797",36081061800,56,1583,84,1583,91,1583
"1798",36081061900,20,2783,45,2783,21,2783
"1799",36081062000,49,1440,33,1440,37,1440
"1800",36081062100,83,2746,85,2746,72,2746
"1801",36081062200,117,1983,117,1983,115,1983
"1802",36081062300,66,1789,59,1789,46,1789
"1803",36081062400,4,1,1,1,2,1
"1804",36081062500,101,2388,127,2388,72,2388
"1805",36081062600,285,2620,365,2620,287,2620
"1806",36081062700,66,2879,57,2879,13,2879
"1807",36081062900,94,2782,74,2782,74,2782
"1808",36081063000,78,1579,94,1579,74,1579
"1809",36081063200,280,2134,237,2134,222,2134
"1810",36081063301,45,1416,32,1416,15,1416
"1811",36081063302,19,1476,14,1476,8,1476
"1812",36081063500,45,2513,59,2513,33,2513
"1813",36081063700,126,3148,141,3148,113,3148
"1814",36081063800,205,3425,182,3425,170,3425
"1815",36081063900,38,2747,63,2747,20,2747
"1816",36081064101,122,1960,157,1960,144,1960
"1817",36081064102,126,113,130,113,139,113
"1818",36081064500,74,1979,66,1979,62,1979
"1819",36081064600,83,2829,87,2829,58,2829
"1820",36081065000,62,2650,69,2650,80,2650
"1821",36081065400,481,2788,403,2788,325,2788
"1822",36081065501,68,0,61,0,33,0
"1823",36081065600,218,4853,250,4853,231,4853
"1824",36081065702,10,1675,11,1675,18,1675
"1825",36081065703,33,2597,37,2597,25,2597
"1826",36081065900,9,1666,13,1666,5,1666
"1827",36081066000,174,3233,136,3233,130,3233
"1828",36081066100,7,1495,8,1495,5,1495
"1829",36081066300,48,2601,67,2601,25,2601
"1830",36081066400,341,9612,303,9612,398,9612
"1831",36081066501,31,3275,34,3275,25,3275
"1832",36081066701,55,2575,41,2575,18,2575
"1833",36081066900,13,1706,3,1706,4,1706
"1834",36081067100,10,2100,21,2100,5,2100
"1835",36081067700,8,1786,24,1786,9,1786
"1836",36081067900,32,4094,25,4094,10,4094
"1837",36081068000,255,4708,326,4708,209,4708
"1838",36081068200,72,1102,77,1102,56,1102
"1839",36081068300,418,4210,406,4210,342,4210
"1840",36081068700,99,4630,88,4630,85,4630
"1841",36081069000,131,3252,163,3252,130,3252
"1842",36081069300,149,2883,159,2883,114,2883
"1843",36081069400,188,3314,129,3314,169,3314
"1844",36081069500,49,2128,71,2128,35,2128
"1845",36081069701,28,3616,33,3616,19,3616
"1846",36081069702,102,3911,115,3911,82,3911
"1847",36081070300,121,2010,142,2010,95,2010
"1848",36081070700,16,2303,22,2303,32,2303
"1849",36081070900,26,2483,19,2483,34,2483
"1850",36081071100,119,5272,148,5272,121,5272
"1851",36081071303,79,4973,91,4973,75,4973
"1852",36081071304,116,6136,71,6136,52,6136
"1853",36081071305,48,4871,67,4871,33,4871
"1854",36081071306,39,5811,61,5811,51,5811
"1855",36081071600,11,0,6,0,2,0
"1856",36081071701,151,5161,171,5161,149,5161
"1857",36081071702,112,3921,108,3921,133,3921
"1858",36081071900,43,2630,77,2630,51,2630
"1859",36081072100,67,4963,67,4963,48,4963
"1860",36081072300,35,2127,45,2127,65,2127
"1861",36081072900,32,1363,23,1363,30,1363
"1862",36081073100,26,1515,38,1515,42,1515
"1863",36081073700,217,2042,242,2042,192,2042
"1864",36081073900,48,5028,78,5028,77,5028
"1865",36081074100,179,3015,126,3015,132,3015
"1866",36081074300,161,4221,157,4221,119,4221
"1867",36081074500,80,3571,109,3571,101,3571
"1868",36081074700,238,3386,262,3386,177,3386
"1869",36081074900,47,1453,32,1453,32,1453
"1870",36081075701,70,4678,63,4678,57,4678
"1871",36081075702,37,4481,65,4481,74,4481
"1872",36081076901,27,4056,20,4056,34,4056
"1873",36081076902,264,1371,287,1371,154,1371
"1874",36081077300,18,2234,18,2234,14,2234
"1875",36081077500,23,2273,31,2273,15,2273
"1876",36081077902,95,5263,37,5263,80,5263
"1877",36081077903,49,2972,21,2972,35,2972
"1878",36081077904,95,6155,82,6155,112,6155
"1879",36081077905,38,2455,49,2455,32,2455
"1880",36081077906,102,3633,100,3633,86,3633
"1881",36081077907,23,3193,28,3193,25,3193
"1882",36081077908,88,3755,78,3755,81,3755
"1883",36081078800,66,1818,92,1818,58,1818
"1884",36081079000,102,2549,167,2549,125,2549
"1885",36081079200,55,2280,129,2280,31,2280
"1886",36081079300,2,1,3,1,NA,NA
"1887",36081079701,88,7055,112,7055,134,7055
"1888",36081079702,98,4502,100,4502,119,4502
"1889",36081079900,65,3425,91,3425,99,3425
"1890",36081080301,151,4382,197,4382,238,4382
"1891",36081080302,73,3504,103,3504,99,3504
"1892",36081080900,189,6850,119,6850,170,6850
"1893",36081081400,238,3543,262,3543,147,3543
"1894",36081081800,379,3478,303,3478,141,3478
"1895",36081083700,246,5388,262,5388,261,5388
"1896",36081083800,176,4970,72,4970,89,4970
"1897",36081084000,313,6478,243,6478,123,6478
"1898",36081084500,110,5318,197,5318,201,5318
"1899",36081084601,63,2730,30,2730,15,2730
"1900",36081084602,74,1053,51,1053,27,1053
"1901",36081084900,512,7642,754,7642,486,7642
"1902",36081085300,396,5764,890,5764,794,5764
"1903",36081085500,224,6649,463,6649,313,6649
"1904",36081085700,223,5953,448,5953,310,5953
"1905",36081085900,147,5873,176,5873,169,5873
"1906",36081086100,95,2370,186,2370,117,2370
"1907",36081086300,97,7277,258,7277,113,7277
"1908",36081086400,322,2634,251,2634,162,2634
"1909",36081086500,314,4514,468,4514,554,4514
"1910",36081086900,639,2131,976,2131,660,2131
"1911",36081087100,704,1752,1345,1752,940,1752
"1912",36081088400,202,7337,246,7337,156,7337
"1913",36081088901,480,10266,542,10266,470,10266
"1914",36081089200,228,7430,163,7430,114,7430
"1915",36081090700,142,1355,92,1355,72,1355
"1916",36081091601,14,4079,40,4079,36,4079
"1917",36081091602,3,0,4,0,4,0
"1918",36081091800,16,17,15,17,13,17
"1919",36081091900,178,5766,108,5766,90,5766
"1920",36081092200,60,2206,46,2206,57,2206
"1921",36081092500,363,3681,275,3681,235,3681
"1922",36081092800,49,3246,81,3246,76,3246
"1923",36081092900,227,6496,120,6496,102,6496
"1924",36081093401,70,3789,111,3789,85,3789
"1925",36081093402,98,3657,155,3657,130,3657
"1926",36081093800,319,5218,409,5218,309,5218
"1927",36081093900,128,4400,68,4400,58,4400
"1928",36081094201,261,3380,353,3380,211,3380
"1929",36081094202,905,4700,1337,4700,944,4700
"1930",36081094203,319,5369,454,5369,305,5369
"1931",36081094500,312,3971,136,3971,128,3971
"1932",36081094700,212,2577,148,2577,85,2577
"1933",36081095400,453,5368,825,5368,844,5368
"1934",36081096400,436,4441,626,4441,736,4441
"1935",36081097202,373,2795,265,2795,423,2795
"1936",36081097203,2532,6865,2884,6865,2638,6865
"1937",36081097204,424,3544,637,3544,608,3544
"1938",36081097300,51,2016,45,2016,47,2016
"1939",36081098100,90,2249,68,2249,48,2249
"1940",36081098700,61,2444,51,2444,54,2444
"1941",36081099100,62,6507,64,6507,46,6507
"1942",36081099200,422,3803,527,3803,411,3803
"1943",36081099701,28,2670,27,2670,19,2670
"1944",36081099703,3,3892,16,3892,9,3892
"1945",36081099704,58,6868,76,6868,69,6868
"1946",36081099705,9,2632,14,2632,10,2632
"1947",36081099801,562,7608,902,7608,678,7608
"1948",36081099802,489,5283,727,5283,744,5283
"1949",36081100801,163,2327,138,2327,90,2327
"1950",36081100802,999,8106,963,8106,645,8106
"1951",36081101001,749,9943,768,9943,705,9943
"1952",36081101002,45,4138,77,4138,101,4138
"1953",36081101700,92,5689,117,5689,65,5689
"1954",36081102900,99,3319,83,3319,71,3319
"1955",36081103201,1697,6456,2049,6456,1485,6456
"1956",36081103202,748,6197,695,6197,607,6197
"1957",36081103300,84,4116,77,4116,63,4116
"1958",36081103900,127,6151,123,6151,118,6151
"1959",36081104700,142,7314,106,7314,145,7314
"1960",36081105900,99,3556,54,3556,52,3556
"1961",36081107201,197,2443,231,2443,102,2443
"1962",36081108500,52,2613,63,2613,44,2613
"1963",36081109300,125,3034,158,3034,122,3034
"1964",36081109700,286,1887,264,1887,143,1887
"1965",36081109900,58,3277,69,3277,66,3277
"1966",36081111300,66,2559,82,2559,81,2559
"1967",36081112300,130,2102,106,2102,109,2102
"1968",36081112900,70,2242,49,2242,53,2242
"1969",36081113300,26,1537,23,1537,32,1537
"1970",36081113900,158,3322,94,3322,87,3322
"1971",36081114100,50,2406,27,2406,24,2406
"1972",36081114700,50,1673,33,1673,32,1673
"1973",36081115100,70,1116,35,1116,44,1116
"1974",36081115500,204,2114,254,2114,125,2114
"1975",36081115700,185,3388,247,3388,135,3388
"1976",36081115900,122,3991,205,3991,92,3991
"1977",36081116100,134,4589,157,4589,171,4589
"1978",36081116300,277,9104,481,9104,246,9104
"1979",36081116700,149,2067,308,2067,83,2067
"1980",36081117100,253,2743,282,2743,149,2743
"1981",36081117500,98,4990,118,4990,92,4990
"1982",36081118100,67,1840,69,1840,33,1840
"1983",36081118500,98,2114,149,2114,29,2114
"1984",36081118700,46,2521,80,2521,41,2521
"1985",36081118900,23,2468,67,2468,28,2468
"1986",36081119100,76,3273,130,3273,40,3273
"1987",36081119300,59,2252,43,2252,29,2252
"1988",36081119500,38,1349,40,1349,18,1349
"1989",36081119900,48,1507,33,1507,26,1507
"1990",36081120100,45,1668,27,1668,43,1668
"1991",36081120300,38,1642,42,1642,28,1642
"1992",36081120500,77,3024,63,3024,55,3024
"1993",36081120700,93,2794,52,2794,37,2794
"1994",36081121100,125,0,86,0,84,0
"1995",36081121500,121,4101,79,4101,58,4101
"1996",36081122300,68,3533,30,3533,52,3533
"1997",36081122701,161,10910,143,10910,115,10910
"1998",36081122702,779,6427,575,6427,455,6427
"1999",36081124100,73,3897,71,3897,56,3897
"2000",36081124700,43,3550,21,3550,13,3550
"2001",36081125700,92,3203,135,3203,101,3203
"2002",36081126500,72,1660,65,1660,58,1660
"2003",36081126700,106,4057,95,4057,77,4057
"2004",36081127700,120,3633,97,3633,75,3633
"2005",36081128300,34,73,27,73,28,73
"2006",36081129102,121,3341,86,3341,114,3341
"2007",36081129103,28,3566,39,3566,45,3566
"2008",36081129104,81,4102,96,4102,69,4102
"2009",36081130100,208,3791,190,3791,189,3791
"2010",36081133300,95,3679,60,3679,74,3679
"2011",36081133900,30,1302,14,1302,26,1302
"2012",36081134100,61,3259,56,3259,72,3259
"2013",36081134700,101,9572,99,9572,76,9572
"2014",36081136700,136,5879,158,5879,105,5879
"2015",36081137700,264,6606,265,6606,206,6606
"2016",36081138501,323,4743,378,4743,308,4743
"2017",36081138502,101,72,147,72,112,72
"2018",36081139900,39,1744,56,1744,43,1744
"2019",36081140300,35,2302,52,2302,27,2302
"2020",36081140901,52,914,55,914,45,914
"2021",36081140902,63,2603,67,2603,84,2603
"2022",36081141700,250,4475,204,4475,159,4475
"2023",36081142900,50,3624,61,3624,56,3624
"2024",36081143500,70,2199,42,2199,37,2199
"2025",36081144100,68,2926,34,2926,50,2926
"2026",36081144700,135,2927,119,2927,108,2927
"2027",36081145101,24,1360,21,1360,23,1360
"2028",36081145102,91,2468,81,2468,78,2468
"2029",36081145900,87,2772,79,2772,66,2772
"2030",36081146300,169,3000,79,3000,74,3000
"2031",36081146700,192,2736,176,2736,176,2736
"2032",36081147100,158,3341,117,3341,104,3341
"2033",36081147900,103,4241,118,4241,77,4241
"2034",36081148300,59,2863,36,2863,32,2863
"2035",36081150701,125,2930,94,2930,76,2930
"2036",36081150702,88,3178,56,3178,42,3178
"2037",36081152901,79,6401,177,6401,117,6401
"2038",36081152902,88,5126,211,5126,52,5126
"2039",36081155102,55,8185,62,8185,35,8185
"2040",36081156700,26,1790,53,1790,58,1790
"2041",36081157101,129,7216,173,7216,129,7216
"2042",36081157102,23,1996,36,1996,36,1996
"2043",36081157901,50,4800,45,4800,25,4800
"2044",36081157902,34,3836,89,3836,33,3836
"2045",36081157903,42,3944,61,3944,36,3944
"2046",36081161700,36,4297,47,4297,19,4297
"2047",36081162100,138,6197,145,6197,134,6197
"2048",36085000300,467,1927,1020,1927,307,1927
"2049",36085000600,195,2408,183,2408,103,2408
"2050",36085000700,1117,4915,951,4915,615,4915
"2051",36085000800,166,5583,157,5583,103,5583
"2052",36085000900,179,2112,234,2112,239,2112
"2053",36085001100,594,3987,659,3987,668,3987
"2054",36085001700,121,1788,97,1788,97,1788
"2055",36085001800,1,731,1,731,NA,NA
"2056",36085002001,11,2504,33,2504,14,2504
"2057",36085002002,42,3258,59,3258,52,3258
"2058",36085002100,872,4236,730,4236,596,4236
"2059",36085002700,560,2217,383,2217,249,2217
"2060",36085002900,2237,5207,1498,5207,1305,5207
"2061",36085003300,154,3402,157,3402,80,3402
"2062",36085003600,20,2510,31,2510,13,2510
"2063",36085003900,21,2197,44,2197,17,2197
"2064",36085004000,1732,12998,1159,12998,1195,12998
"2065",36085004700,46,3863,64,3863,18,3863
"2066",36085005000,145,3847,143,3847,108,3847
"2067",36085005900,55,2635,116,2635,64,2635
"2068",36085006400,378,3550,557,3550,316,3550
"2069",36085006700,141,2758,148,2758,90,2758
"2070",36085007000,373,8525,366,8525,327,8525
"2071",36085007400,243,4693,244,4693,203,4693
"2072",36085007500,85,3914,117,3914,104,3914
"2073",36085007700,509,1535,465,1535,494,1535
"2074",36085008100,395,4301,410,4301,346,4301
"2075",36085009601,91,4024,106,4024,84,4024
"2076",36085009602,113,3461,126,3461,112,3461
"2077",36085009700,128,3925,233,3925,134,3925
"2078",36085010500,241,5153,310,5153,249,5153
"2079",36085011201,180,5758,162,5758,150,5758
"2080",36085011202,464,6428,747,6428,574,6428
"2081",36085011401,211,3067,226,3067,114,3067
"2082",36085011402,101,3450,120,3450,93,3450
"2083",36085012100,163,3065,245,3065,87,3065
"2084",36085012200,101,3813,143,3813,110,3813
"2085",36085012500,116,2939,109,2939,76,2939
"2086",36085012804,143,4259,390,4259,242,4259
"2087",36085012805,43,3158,68,3158,22,3158
"2088",36085012806,177,5955,237,5955,151,5955
"2089",36085013201,43,1558,24,1558,39,1558
"2090",36085013203,117,5433,149,5433,86,5433
"2091",36085013204,136,4843,159,4843,113,4843
"2092",36085013301,923,1633,723,1633,637,1633
"2093",36085013302,631,3587,626,3587,601,3587
"2094",36085013400,96,3946,180,3946,131,3946
"2095",36085013800,83,6535,74,6535,76,6535
"2096",36085014100,99,2690,89,2690,43,2690
"2097",36085014604,312,6422,389,6422,154,6422
"2098",36085014605,108,3836,130,3836,69,3836
"2099",36085014606,40,6372,74,6372,46,6372
"2100",36085014607,107,4552,96,4552,79,4552
"2101",36085014608,66,3510,73,3510,53,3510
"2102",36085014700,63,3412,142,3412,52,3412
"2103",36085015100,54,5141,72,5141,35,5141
"2104",36085015400,17,0,8,0,7,0
"2105",36085015601,128,6330,123,6330,85,6330
"2106",36085015602,62,3320,49,3320,19,3320
"2107",36085015603,130,4265,133,4265,81,4265
"2108",36085016901,36,2970,56,2970,23,2970
"2109",36085017005,132,4507,118,4507,103,4507
"2110",36085017007,71,4968,76,4968,55,4968
"2111",36085017008,79,7388,70,7388,87,7388
"2112",36085017009,65,4299,50,4299,58,4299
"2113",36085017010,66,8583,109,8583,126,8583
"2114",36085017011,91,4549,44,4549,61,4549
"2115",36085017012,85,4279,95,4279,67,4279
"2116",36085017300,213,2523,269,2523,127,2523
"2117",36085017600,112,4815,107,4815,92,4815
"2118",36085017700,96,7001,422,7001,194,7001
"2119",36085018100,137,2974,340,2974,195,2974
"2120",36085018701,56,1807,34,1807,27,1807
"2121",36085018702,144,7485,293,7485,196,7485
"2122",36085018901,84,5333,67,5333,32,5333
"2123",36085018902,35,5064,42,5064,29,5064
"2124",36085019700,15,1867,19,1867,11,1867
"2125",36085019800,304,6300,188,6300,206,6300
"2126",36085020100,249,3572,201,3572,136,3572
"2127",36085020700,1368,6399,1114,6399,1031,6399
"2128",36085020801,196,8977,171,8977,201,8977
"2129",36085020803,136,6463,148,6463,99,6463
"2130",36085020804,120,5323,79,5323,87,5323
"2131",36085021300,619,5376,446,5376,470,5376
"2132",36085022300,221,2880,252,2880,150,2880
"2133",36085022600,162,8490,193,8490,226,8490
"2134",36085022800,57,105,89,105,64,105
"2135",36085023100,292,4683,253,4683,140,4683
"2136",36085023900,328,3250,248,3250,135,3250
"2137",36085024401,136,5823,82,5823,96,5823
"2138",36085024402,71,4259,31,4259,52,4259
"2139",36085024700,252,2702,198,2702,94,2702
"2140",36085024800,151,4741,116,4741,124,4741
"2141",36085025100,114,5714,147,5714,64,5714
"2142",36085027301,72,3820,115,3820,69,3820
"2143",36085027302,97,3667,28,3667,30,3667
"2144",36085027702,364,6193,677,6193,529,6193
"2145",36085027704,33,4108,49,4108,52,4108
"2146",36085027705,71,5351,144,5351,83,5351
"2147",36085027706,83,2950,210,2950,117,2950
"2148",36085027900,79,2137,95,2137,118,2137
"2149",36085029102,185,2953,289,2953,170,2953
"2150",36085029103,194,7245,272,7245,224,7245
"2151",36085029104,129,6735,153,6735,119,6735
"2152",36085030301,105,4929,82,4929,82,4929
"2153",36085030302,198,6369,132,6369,92,6369
"2154",36085031901,1217,3265,917,3265,592,3265
"2155",36085031902,366,4848,305,4848,208,4848
"2156",36085032300,215,1250,165,1250,105,1250
"2157",NA,24305,NA,25008,NA,15610,NA
